main_category,title,average_rating,rating_number,features,description,price,images,videos,store,categories,details,parent_asin,bought_together
Digital Music,Baja Marimba Band,4.9,8,[],[],,"[{'thumb': 'https://m.media-amazon.com/images/I/51kIbeVPzXL._SS40_.jpg', 'large': 'https://m.media-amazon.com/images/I/51kIbeVPzXL.jpg', 'variant': 'MAIN', 'hi_res': None}, {'thumb': 'https://m.media-amazon.com/images/I/51rWg3aYN4L._SS40_.jpg', 'large': 'https://m.media-amazon.com/images/I/51rWg3aYN4L.jpg', 'variant': 'PT01', 'hi_res': None}]",[],None,[],"{'Date First Available': 'February 28, 2010'}",B000V87RP2,
Digital Music,'80s Halloween-All Original Artists & Recordings,5.0,3,[],[],14.98,"[{'thumb': 'https://m.media-amazon.com/images/I/01RmK+J4pJL._SS40_.gif', 'large': 'https://m.media-amazon.com/images/I/01RmK+J4pJL.gif', 'variant': 'MAIN', 'hi_res': None}]",[],"Love and Rockets  (Artist),     Duran Duran  (Artist),     Ministry  (Artist),     Echo And The Bunnyman  (Artist),     Oingo Boingo  (Artist),     Alice Cooper  (Artist),     The Sisters Of Mercy  (Artist),     Joy Division  (Artist),     Bauhaus  (Artist),     The Jesus And The Mary  (Artist)    &                   6                  more   Format: Audio CD",[],"{'Package Dimensions': '5.55 x 4.97 x 0.54 inches; 2.83 Ounces', 'Manufacturer': 'Somerset', 'Date First Available': 'November 2, 2011', 'Label': 'Somerset', 'Number of discs': '1'}",B0062F0MJQ,
Digital Music,TRIO +1,5.0,1,[],['CD ALBUM'],57.99,"[{'thumb': 'https://m.media-amazon.com/images/I/31948GD8JFL._SS40_.jpg', 'large': 'https://m.media-amazon.com/images/I/31948GD8JFL.jpg', 'variant': 'MAIN', 'hi_res': None}]",[],Rob Wasserman   Format: Audio CD,[],"{'Is Discontinued By Manufacturer': 'No', 'Package Dimensions': '5.55 x 4.97 x 0.54 inches; 2.83 Ounces', 'Manufacturer': 'UNIVERSAL VICTOR', 'Date First Available': 'December 28, 2012', 'Label': 'UNIVERSAL VICTOR', 'Number of discs': '1'}",B00005GT12,
Digital Music,"Gold and Silver: Lehar, Delibes, Lanner, Johann Strauss II",5.0,1,[],[],29.91,"[{'thumb': 'https://m.media-amazon.com/images/I/61EYZvzr+4L._SS40_.jpg', 'large': 'https://m.media-amazon.com/images/I/61EYZvzr+4L.jpg', 'variant': 'MAIN', 'hi_res': 'https://m.media-amazon.com/images/I/81Go3QJNIuL._SL1362_.jpg'}]",[],"Franz Lehar  (Composer),     Leo Delibes  (Composer),     Joseph Lanner  (Composer),     Johann Strauss II  (Composer),     Janos Sandor  (Conductor),     Janos Ferencsik  (Composer),     Budapest Philharmonic Orchestra  (Orchestra),     Hungarian State Orchestra  (Orchestra)    &                   4                  more   Format: Audio CD",[],"{'Manufacturer': 'Hungaroton / White Label', 'Date First Available': 'February 4, 2005', 'Label': 'Hungaroton / White Label'}",B0007PD2BW,
Digital Music,"Grateful Dead Dave's Picks Volume 25 Live at Broome County Veteran Memorial Arena Binghamton, NY November 6, 1977",4.9,20,[],['Sold out. Numbered limited edition'],149.99,"[{'thumb': 'https://m.media-amazon.com/images/I/61916+eP4iL._SS40_.jpg', 'large': 'https://m.media-amazon.com/images/I/61916+eP4iL.jpg', 'variant': 'MAIN', 'hi_res': 'https://m.media-amazon.com/images/I/91NZl49eUZL._SL1429_.jpg'}, {'thumb': 'https://m.media-amazon.com/images/I/51VfKSSSL3L._SS40_.jpg', 'large': 'https://m.media-amazon.com/images/I/51VfKSSSL3L.jpg', 'variant': 'PT01', 'hi_res': 'https://m.media-amazon.com/images/I/81xCulmZYGL._SL1366_.jpg'}]",[],"Grateful Dead  (Artist, Orchestra)    Format: Audio CD",[],"{'Package Dimensions': '5.55 x 4.97 x 0.54 inches; 2.82 Ounces', 'Manufacturer': 'Dead', 'Date First Available': 'January 27, 2018', 'Label': 'Dead'}",B079CPD45R,
Digital Music,Guitar Escape - Music For Relaxation,4.1,18,[],"['2-disc CD set. Disc 1 ""Escape"" by Steve Middleton - - 11 tracks. Disc 2 ""Acoustica"" by Chris Spheeris & Paul Voudouris - - 9 tracks. 2010 Somerset.']",,"[{'thumb': 'https://m.media-amazon.com/images/I/21biKkC+32L._SS40_.jpg', 'large': 'https://m.media-amazon.com/images/I/21biKkC+32L.jpg', 'variant': 'MAIN', 'hi_res': None}]",[],"Guitar Escape  (Artist),     Steve Middleton  (Artist),     Chris Spheeris  (Artist),     Paul Voudouris  (Artist)    &                   1                  more   Format: Audio CD",[],"{'Package Dimensions': '5.55 x 4.97 x 0.54 inches; 2.88 Ounces', 'Manufacturer': 'Somerset', 'Date First Available': 'October 19, 2014', 'Label': 'Somerset', 'Number of discs': '2'}",B00NFJBVIS,
Digital Music,CLASICOS DE ORO,5.0,1,[],[],20.98,"[{'thumb': 'https://m.media-amazon.com/images/I/31YSAA3wsUL._SS40_.jpg', 'large': 'https://m.media-amazon.com/images/I/31YSAA3wsUL.jpg', 'variant': 'MAIN', 'hi_res': None}]",[],Los Cardenales del Exito  (Artist)    Format: Audio CD,[],"{'Date First Available': 'February 27, 2010'}",B001PH5SX6,
Digital Music,Indigo for Quantum Focus (Metamusic),5.0,1,[],"['Metamusic is more than music.It incorporates evocative sounds and frequencies to guide you into focused,whole brain states of consciousness.It helps you achieve and sustain synchronized brain wave activity in both hemispheres of your brain for improving human performances.']",28.99,"[{'thumb': 'https://m.media-amazon.com/images/I/61yQlQ59fEL._SS40_.jpg', 'large': 'https://m.media-amazon.com/images/I/61yQlQ59fEL.jpg', 'variant': 'MAIN', 'hi_res': None}]",[],Hemi Sync   Format: Audio CD,[],"{'Package Dimensions': '5.6 x 4.8 x 0.1 inches; 3.2 Ounces', 'Date First Available': 'March 20, 2008'}",1561023280,
Digital Music,Fastway,4.7,754,[],[],,"[{'thumb': 'https://m.media-amazon.com/images/I/51Z+tjiMfBL._SS40_.jpg', 'large': 'https://m.media-amazon.com/images/I/51Z+tjiMfBL.jpg', 'variant': 'MAIN', 'hi_res': None}]",[],Fastway,[],"{'Date First Available': 'April 13, 2020'}",B0872KL2TZ,
Digital Music,The Minimalism of Erik Satie,4.8,8,[],"['The Minimalim of Erik Satie by The Vienna Art Orchestra under Mathias Rüegg, recorded on 20, 21 and 22 September 1983 and 14 March 1984 at Studio Kornhäusl, Vienna. Hat ART Now Series CD 6024 (1989)']",9.86,"[{'thumb': 'https://m.media-amazon.com/images/I/41l4h8TeABL._SS40_.jpg', 'large': 'https://m.media-amazon.com/images/I/41l4h8TeABL.jpg', 'variant': 'MAIN', 'hi_res': 'https://m.media-amazon.com/images/I/615NPFDWHeL._SL1024_.jpg'}]",[],Vienna Art Orchestra   Format: Audio CD,[],"{'Is Discontinued By Manufacturer': 'No', 'Item Weight': '3.21 Ounces', 'Manufacturer': 'hat ART Now Series', 'Run time': '1 hour and 15 minutes', 'Date First Available': 'October 18, 2015', 'Label': 'hat ART Now Series', 'Number of discs': '1'}",B000025YVO,
Digital Music,Apink - [UNE ANNEE] 1st Album CD+Photo Book+1p Photo Card K-POP Sealed a pink,4.4,33,[],['A PINK-[UNE ANNEE] 1st Album package includes CD+Photo Book+1p Photo Card. Officially distributed Brand New & Factory Sealed CD. Your purchase quantity will be count on Korea HANTEO & GAON Chart! Track List DISK(CD) 1. 01. Une Annee 02. Hush 03. °í¾çÀÌ 04. 4¿ù 19ÀÏ 05. Bubibu 06. Step 07. Boy 08. I Got You 09. ÇϴÃ ³ôÀÌ [Feat. Joker]'],,"[{'thumb': 'https://m.media-amazon.com/images/I/51YLaRHqaOL._SS40_.jpg', 'large': 'https://m.media-amazon.com/images/I/51YLaRHqaOL.jpg', 'variant': 'MAIN', 'hi_res': None}, {'thumb': 'https://m.media-amazon.com/images/I/51TFqsAq5NL._SS40_.jpg', 'large': 'https://m.media-amazon.com/images/I/51TFqsAq5NL.jpg', 'variant': 'PT01', 'hi_res': None}]",[],Apink   Format: Audio CD,[],"{'Package Dimensions': '9.09 x 7.17 x 1.02 inches; 9.35 Ounces', 'Manufacturer': 'LOEN Entertainment', 'Date First Available': 'September 25, 2016', 'Label': 'LOEN Entertainment'}",B01M0KJW81,
Digital Music,Awaken Your Heart From Its Ancient Sleep (Music CD),4.8,574,[],[],,"[{'thumb': 'https://m.media-amazon.com/images/I/51sPlcA9mQL._SS40_.jpg', 'large': 'https://m.media-amazon.com/images/I/51sPlcA9mQL.jpg', 'variant': 'MAIN', 'hi_res': None}]",[],Madonna   Format: Audio CD,[],"{'Package Dimensions': '5.55 x 4.97 x 0.54 inches; 2.83 Ounces', 'Date First Available': 'September 22, 2016', 'Number of discs': '1'}",B008A0PUSY,
Digital Music,Double Praise 6 (Praise 6 & Praise Strings 6),4.9,4,[],[],99.99,"[{'thumb': 'https://m.media-amazon.com/images/I/51YqdOA01eL._SS40_.jpg', 'large': 'https://m.media-amazon.com/images/I/51YqdOA01eL.jpg', 'variant': 'MAIN', 'hi_res': 'https://m.media-amazon.com/images/I/81rVJ7efKhL._SL1432_.jpg'}]",[],Maranatha! Singers  (Artist)    Format: Audio CD,[],"{'Package Dimensions': '4.9 x 3.7 x 0.4 inches; 4 Ounces', 'Manufacturer': 'Maranatha', 'Date First Available': 'July 9, 2007', 'Label': 'Maranatha'}",B00095O09I,
Digital Music,"Shakin' Things Up by Morgan, Lorrie 1997 Audio",4.8,45,[],[],24.86,"[{'thumb': 'https://m.media-amazon.com/images/I/61nUbp+YC+L._SS40_.jpg', 'large': 'https://m.media-amazon.com/images/I/61nUbp+YC+L.jpg', 'variant': 'MAIN', 'hi_res': None}]",[],Lorrie Morgan   Format: Audio CD,[],"{'Package Dimensions': '5.59 x 4.84 x 0.39 inches; 3.84 Ounces', 'Manufacturer': 'Bna Entertainment', 'Date First Available': 'April 22, 2014', 'Label': 'Bna Entertainment'}",B00FZ10RYS,
Digital Music,Twice 3GIFT Eyes Wide Open Random ver. Folded Poster Random MAFF Premium Face Mask+Extra Photocard,4.7,14,[],"['[ Release Date: Oct 27, 2020 ]', '[ Free Gift ]', '1) 1 Premium MAFF face mask\xa02) 1 Extra Photocard', '[ Composition ]', '- Random version of CD Album- PHOTOBOOK\xa0: 88p- CD-R\xa0: Random 1p out of 10p- MESSAGE CARD\xa0: Random 1p out of 9p- LYRICS FOLDED POSTER\xa0: Random 1p out of 10p- DIY STICKER\xa0: 1p- PHOTOCARD\xa0: Random 5p out of 100p', '[ No More Pre-Order Benefit\xa0]', '-\xa0FOLDED POSTER Only', '[ Made in Korea (100% Authentic) ]', '[ Will be Count Towards Hanteo and Gaon Chart ]']",33.9,"[{'thumb': 'https://m.media-amazon.com/images/I/415PlAaxmYL._SS40_.jpg', 'large': 'https://m.media-amazon.com/images/I/415PlAaxmYL.jpg', 'variant': 'MAIN', 'hi_res': None}, {'thumb': 'https://m.media-amazon.com/images/I/41HSvihSbTL._SS40_.jpg', 'large': 'https://m.media-amazon.com/images/I/41HSvihSbTL.jpg', 'variant': 'PT01', 'hi_res': 'https://m.media-amazon.com/images/I/61OEZLcFSgL._SL1280_.jpg'}, {'thumb': 'https://m.media-amazon.com/images/I/51YQqIQeVmL._SS40_.jpg', 'large': 'https://m.media-amazon.com/images/I/51YQqIQeVmL.jpg', 'variant': 'PT02', 'hi_res': None}, {'thumb': 'https://m.media-amazon.com/images/I/41EgQmEeIjL._SS40_.jpg', 'large': 'https://m.media-amazon.com/images/I/41EgQmEeIjL.jpg', 'variant': 'PT03', 'hi_res': 'https://m.media-amazon.com/images/I/61xF+w8w-3L._SL1500_.jpg'}, {'thumb': 'https://m.media-amazon.com/images/I/41LGfoNQJKL._SS40_.jpg', 'large': 'https://m.media-amazon.com/images/I/41LGfoNQJKL.jpg', 'variant': 'PT04', 'hi_res': 'https://m.media-amazon.com/images/I/71GAU963VqL._SL1500_.jpg'}, {'thumb': 'https://m.media-amazon.com/images/I/414AX5zoLNL._SS40_.jpg', 'large': 'https://m.media-amazon.com/images/I/414AX5zoLNL.jpg', 'variant': 'PT05', 'hi_res': 'https://m.media-amazon.com/images/I/71a9X-wvSeL._SL1500_.jpg'}, {'thumb': 'https://m.media-amazon.com/images/I/31Xb2ocObiL._SS40_.jpg', 'large': 'https://m.media-amazon.com/images/I/31Xb2ocObiL.jpg', 'variant': 'PT06', 'hi_res': 'https://m.media-amazon.com/images/I/61J5eczM0VL._SL1500_.jpg'}]",[],Twice   Format: Audio CD,[],"{'Package Dimensions': '9.02 x 7.05 x 1.34 inches; 1.41 Pounds', 'Manufacturer': 'eyes wide open', 'Date First Available': 'February 15, 2017', 'Label': 'eyes wide open'}",B08NN2MHBY,
Digital Music,Uncorked,5.0,2,[],"[""1 Fisher's Hornpipe/Julia Delaney 2 Temperance Reel/Lowdown Hoedown 3 Atholl Highlanders 4 The Gale 5 Maria's Waltz 6 All the Rage/The Popcorn 7 Haapavesi 8 Connaughtman's Rambles/Over the Causeway 9 El Hambo Emborrachado 10 Lafferty's/Lady Anne Montgomery 11 Reel de Père Léon 12 Coal Miner/High Reel""]",,"[{'thumb': 'https://m.media-amazon.com/images/I/31ZHQZWnD7L._SS40_.jpg', 'large': 'https://m.media-amazon.com/images/I/31ZHQZWnD7L.jpg', 'variant': 'MAIN', 'hi_res': None}]",[],House Red   Format: Audio CD,[],"{'Date First Available': 'May 8, 2007'}",B000QCX8RO,
Digital Music,Re-Program,5.0,1,[],[],,"[{'thumb': 'https://m.media-amazon.com/images/I/51X4b5HpAiL._SS40_.jpg', 'large': 'https://m.media-amazon.com/images/I/51X4b5HpAiL.jpg', 'variant': 'MAIN', 'hi_res': None}]",[],Format: Audio CD,[],"{'Date First Available': 'February 5, 2007'}",B000N86CY2,
Digital Music,"Bullet 45 RPM White Lies, Blue Eyes / Changes Of Minds",5.0,3,[],[],,"[{'thumb': 'https://m.media-amazon.com/images/I/519-n9OrHJL._SS40_.jpg', 'large': 'https://m.media-amazon.com/images/I/519-n9OrHJL.jpg', 'variant': 'MAIN', 'hi_res': 'https://m.media-amazon.com/images/I/713lelDwTbL._SL1000_.jpg'}]",[],None,[],"{'Date First Available': 'December 18, 2015'}",B018T7O9PC,
Digital Music,Baby Faced Killer,4.0,30,[],[],,"[{'thumb': 'https://m.media-amazon.com/images/I/51CigJusx5L._SS40_.jpg', 'large': 'https://m.media-amazon.com/images/I/51CigJusx5L.jpg', 'variant': 'MAIN', 'hi_res': 'https://m.media-amazon.com/images/I/71d0D-U8BGL._SL1076_.jpg'}, {'thumb': 'https://m.media-amazon.com/images/I/51uxgM18dWL._SS40_.jpg', 'large': 'https://m.media-amazon.com/images/I/51uxgM18dWL.jpg', 'variant': 'BACK', 'hi_res': 'https://m.media-amazon.com/images/I/71zM4w4zJeL._SL1222_.jpg'}]",[],David Byron   Format: Audio CD,[],"{'Is Discontinued By Manufacturer': 'No', 'Package Dimensions': '5.59 x 4.88 x 0.39 inches; 0.35 Ounces', 'Date First Available': 'May 19, 2013', 'Number of discs': '1'}",B000025HFT,
Digital Music,The Other Side,5.0,5,[],[],49.94,"[{'thumb': 'https://m.media-amazon.com/images/I/51AHX49qA+L._SS40_.jpg', 'large': 'https://m.media-amazon.com/images/I/51AHX49qA+L.jpg', 'variant': 'MAIN', 'hi_res': None}]",[],Fents   Format: Audio CD,[],"{'Is Discontinued By Manufacturer': 'No', 'Product Dimensions': '5.55 x 4.97 x 0.54 inches; 2.88 Ounces', 'Date First Available': 'December 23, 2004'}",B0007807OO,
Digital Music,Grimes: Art Angels Vinyl LP,4.8,1200,[],['2015 album from Grimes on vinyl. Comes with double sided art inserts and digital download. 2015 4AD.'],,"[{'thumb': 'https://m.media-amazon.com/images/I/513XxFczpML._SS40_.jpg', 'large': 'https://m.media-amazon.com/images/I/513XxFczpML.jpg', 'variant': 'MAIN', 'hi_res': 'https://m.media-amazon.com/images/I/8186bDGYe5L._SL1500_.jpg'}, {'thumb': 'https://m.media-amazon.com/images/I/5192GBQrWwL._SS40_.jpg', 'large': 'https://m.media-amazon.com/images/I/5192GBQrWwL.jpg', 'variant': 'PT01', 'hi_res': 'https://m.media-amazon.com/images/I/81qJvIsiD1L._SL1500_.jpg'}]",[],Grimes   Format: Unknown Binding,[],"{'Package Dimensions': '12.4 x 12.2 x 0.4 inches; 1.05 Pounds', 'Manufacturer': '4AD', 'Date First Available': 'December 10, 2015', 'Label': '4AD'}",B01974S2ZE,
Digital Music,Songs of New Orleans (Parts I & 2),5.0,2,[],['2 CD SET'],3.6,"[{'thumb': 'https://m.media-amazon.com/images/I/513Ve2Se1aL._SS40_.jpg', 'large': 'https://m.media-amazon.com/images/I/513Ve2Se1aL.jpg', 'variant': 'MAIN', 'hi_res': 'https://m.media-amazon.com/images/I/A1YzHKF1sjL._SL1500_.jpg'}]",[],Preservation Hall Jazz Band  (Author)    Format: Audio CD,[],"{'Package Dimensions': '5.55 x 4.97 x 0.54 inches; 2.88 Ounces', 'Date First Available': 'February 26, 2008', 'Number of discs': '1'}",B0014WMIUI,
Digital Music,"Robert Preston: First Stereo Recordings of Rubinstein, Kabalevsky Piano Concertos",3.0,1,[],"['Robert Preston: First Stereo Recordings of Rubinstein, Kabalevsky Piano Concertos. Orion Stereo ORS-74149']",28.8,"[{'thumb': 'https://m.media-amazon.com/images/I/51sI010FUJL._SS40_.jpg', 'large': 'https://m.media-amazon.com/images/I/51sI010FUJL.jpg', 'variant': 'MAIN', 'hi_res': 'https://m.media-amazon.com/images/I/A1Zx8m-CgQL._SL1500_.jpg'}]",[],"Anton Rubinstein  (Composer),     Dmitri Kabalevsky  (Composer),     Robert Preston, Pianist  (Performer)    &                   0                  more",[],"{'Package Dimensions': '12.5 x 12.5 x 0.2 inches; 0.01 Ounces', 'Manufacturer': 'Orion Stereo ORS-74149', 'Run time': '45 minutes', 'Date First Available': 'August 31, 2008', 'Label': 'Orion Stereo ORS-74149', 'Number of discs': '1'}",B001F3G4EW,
Digital Music,Praise & Worship Jimmy Swaggart,4.7,4,[],[],19.97,"[{'thumb': 'https://m.media-amazon.com/images/I/517W0thTXgL._SS40_.jpg', 'large': 'https://m.media-amazon.com/images/I/517W0thTXgL.jpg', 'variant': 'MAIN', 'hi_res': 'https://m.media-amazon.com/images/I/91EfR-YvwiL._SL1500_.jpg'}, {'thumb': 'https://m.media-amazon.com/images/I/51gJAfhWdBL._SS40_.jpg', 'large': 'https://m.media-amazon.com/images/I/51gJAfhWdBL.jpg', 'variant': 'PT01', 'hi_res': 'https://m.media-amazon.com/images/I/81mIcL4kX1L._SL1500_.jpg'}]",[],Format: Audio CD,[],"{'Package Dimensions': '1 x 1 x 1 inches', 'Date First Available': 'November 2, 2012'}",B00304PRWO,
Digital Music,According to Purpose,5.0,1,[],[],,"[{'thumb': 'https://m.media-amazon.com/images/I/61VKuSKNuCL._SS40_.jpg', 'large': 'https://m.media-amazon.com/images/I/61VKuSKNuCL.jpg', 'variant': 'MAIN', 'hi_res': None}, {'thumb': 'https://m.media-amazon.com/images/I/61VKuSKNuCL._SS40_.jpg', 'large': 'https://m.media-amazon.com/images/I/61VKuSKNuCL.jpg', 'variant': 'PT01', 'hi_res': None}, {'thumb': 'https://m.media-amazon.com/images/I/41Z4b7BAVjL._SS40_.jpg', 'large': 'https://m.media-amazon.com/images/I/41Z4b7BAVjL.jpg', 'variant': 'PT02', 'hi_res': 'https://m.media-amazon.com/images/I/61SdFbSjtBL._SL1500_.jpg'}]",[],Format: Audio CD,[],"{'Date First Available': 'August 28, 2014'}",B00N368G5E,
Digital Music,Original Album Series:Donny Hathaway/Everything Is Everything/Extension Of A Man/In Performance/Live by Donny Hathaway (2010-03-09),5.0,1,[],[],,"[{'thumb': 'https://m.media-amazon.com/images/I/51R397bJ-BL._SS40_.jpg', 'large': 'https://m.media-amazon.com/images/I/51R397bJ-BL.jpg', 'variant': 'MAIN', 'hi_res': None}]",[],Format: Audio CD,[],"{'Date First Available': 'May 27, 2016'}",B013H1ALO8,
Digital Music,"12 Songs of Good & Evil by Eberhardt, Cliff [Music CD]",4.3,5,[],[],,"[{'thumb': 'https://m.media-amazon.com/images/I/51ZmyrnGSxL._SS40_.jpg', 'large': 'https://m.media-amazon.com/images/I/51ZmyrnGSxL.jpg', 'variant': 'MAIN', 'hi_res': None}]",[],Cliff Eberhardt   Format: Audio CD,[],"{'Date First Available': 'August 28, 2018'}",B00PUTUP88,
Digital Music,Aja [Vinyl LP],4.8,3756,[],[],,"[{'thumb': 'https://m.media-amazon.com/images/I/41DqKB567mL._SS40_.jpg', 'large': 'https://m.media-amazon.com/images/I/41DqKB567mL.jpg', 'variant': 'MAIN', 'hi_res': 'https://m.media-amazon.com/images/I/61suaRLDFnL._SL1000_.jpg'}, {'thumb': 'https://m.media-amazon.com/images/I/41Et7mpal7L._SS40_.jpg', 'large': 'https://m.media-amazon.com/images/I/41Et7mpal7L.jpg', 'variant': 'PT01', 'hi_res': 'https://m.media-amazon.com/images/I/51pt43hkG1L._SL1000_.jpg'}, {'thumb': 'https://m.media-amazon.com/images/I/51OrGhSDS5L._SS40_.jpg', 'large': 'https://m.media-amazon.com/images/I/51OrGhSDS5L.jpg', 'variant': 'PT02', 'hi_res': 'https://m.media-amazon.com/images/I/71fNHfR8pEL._SL1016_.jpg'}]",[],Steely Dan,[],"{'Package Dimensions': '15.39 x 13.19 x 0.79 inches; 1 Pounds', 'Manufacturer': 'ABC Records', 'Date First Available': 'August 13, 2015', 'Label': 'ABC Records'}",B00U1OCGGG,
Digital Music,It's Not Big It's Large by Lyle Lovett (2007) Audio CD,4.4,130,[],[],41.88,"[{'thumb': 'https://m.media-amazon.com/images/I/61KvKLn0AxL._SS40_.jpg', 'large': 'https://m.media-amazon.com/images/I/61KvKLn0AxL.jpg', 'variant': 'MAIN', 'hi_res': None}]",[],Lyle Lovett   Format: Audio CD,[],"{'Date First Available': 'July 28, 2014'}",B00G2IJ4IS,
Digital Music,Musikhalle Hamburg West Germany 4/29/1972,5.0,1,[],"[""The German leg of the tour wraps up (well, they did return three weeks later for a show in Munich) with this under-the-radar show in Hamburg, where the band played one of its second sets that were centered around Dark Star and Caution. TRACK LIST: Disc 1 1. Playing in the Band 2. Sugaree 3. Mr. Charlie 4. Black-Throated Wind 5. China Cat Sunflower> 6. I Know You Rider 7. Big Boss Man 8. Jack Straw 9. Loser 10. Chinatown Shuffle Disc 2 1. Me and My Uncle 2. Big Railroad Blues 3. Good Lovin' 4. Casey Jones 5. Greatest Story Ever Told 6. He's Gone 7. Next Time You See Me Disc 3 1. Dark Star> 2. Sugar Magnolia> 3. Caution (Do Not Stop On Tracks) 4. One More Saturday Night 5. Uncle John's Band""]",,"[{'thumb': 'https://m.media-amazon.com/images/I/41tgUr1h0xL._SS40_.jpg', 'large': 'https://m.media-amazon.com/images/I/41tgUr1h0xL.jpg', 'variant': 'MAIN', 'hi_res': None}]",[],Grateful Dead  (Artist)    Format: Audio CD,[],"{'Package Dimensions': '5.51 x 4.88 x 0.31 inches; 3.84 Ounces', 'Date First Available': 'September 30, 2012', 'Number of discs': '3'}",B007BYPRW4,
Digital Music,PEACEFUL OCEAN SURF,2.0,1,[],"['The ebb and flow of the tides along the shore mirrors the ebb and flow of blood within our hearts. Like night and day, winter and summer, life flows in cycles. And like the ever-expanding ripples in a tide pool, all things are connected within that flow.', 'Digital wide field stereo recording of nature sounds contains no added music or human induced noises. Great water and ocean waves nature sounds for relaxation, ambient nature mood music and personal reflection.']",,"[{'thumb': 'https://m.media-amazon.com/images/I/41R3XS6XBZL._SS40_.jpg', 'large': 'https://m.media-amazon.com/images/I/41R3XS6XBZL.jpg', 'variant': 'MAIN', 'hi_res': None}]",[],Nature's Music   Format: Audio CD,[],"{'Package Dimensions': '5.55 x 4.97 x 0.54 inches; 2.83 Ounces', 'Original Release Date': '2001', 'Date First Available': 'October 21, 2006', 'Number of discs': '1'}",B00006497I,
Digital Music,Piece By Piece,5.0,2,[],[],10.93,"[{'thumb': 'https://m.media-amazon.com/images/I/51PrijvVMgL._SS40_.jpg', 'large': 'https://m.media-amazon.com/images/I/51PrijvVMgL.jpg', 'variant': 'MAIN', 'hi_res': None}]",[],Sinners & Saints   The Sinners   Format: Audio CD,[],"{'Package Dimensions': '5.5 x 5 x 0.5 inches; 1.03 Pounds', 'Date First Available': 'February 11, 2007', 'Number of discs': '1'}",B0000073U7,
Digital Music,the day of wrath LP,4.4,11,[],[],,"[{'thumb': 'https://m.media-amazon.com/images/I/01RmK+J4pJL._SS40_.gif', 'large': 'https://m.media-amazon.com/images/I/01RmK+J4pJL.gif', 'variant': 'MAIN', 'hi_res': None}]",[],Bulldozer,[],"{'Date First Available': 'December 27, 2012'}",B0047IRB4E,
Digital Music,Courage to Stand Strong,5.0,2,[],"['""Here is the always anticipated music from 2010\'s EFY, supporting the theme ""Be strong and of a good courage"" from Joshua 1:9. Great music from Stephanie Mabey, Russ Dixon, and Daniel Beck, among others, will energize you on one front and bring peace on another. ""']",4.76,"[{'thumb': 'https://m.media-amazon.com/images/I/51UL3Zwjp1L._SS40_.jpg', 'large': 'https://m.media-amazon.com/images/I/51UL3Zwjp1L.jpg', 'variant': 'MAIN', 'hi_res': 'https://m.media-amazon.com/images/I/81-WMOWZAeL._SL1500_.jpg'}]",[],Format: Audio CD,[],"{'Package Dimensions': '5.55 x 4.97 x 0.54 inches; 2.88 Ounces', 'Date First Available': 'August 3, 2012'}",B008SFSTOI,
Digital Music,Lord You Reign - Dr Charles Stanley,4.2,3,[],[],,"[{'thumb': 'https://m.media-amazon.com/images/I/41qBvgq1wOL._SS40_.jpg', 'large': 'https://m.media-amazon.com/images/I/41qBvgq1wOL.jpg', 'variant': 'MAIN', 'hi_res': 'https://m.media-amazon.com/images/I/81JoBVP73aL._SL1500_.jpg'}]",[],Format: Audio CD,[],"{'Package Dimensions': '5.55 x 4.97 x 0.54 inches; 2.88 Ounces', 'Date First Available': 'September 10, 2006'}",B000IG2PNG,
Digital Music,Piu Belle Canzoni,5.0,1,[],[],,"[{'thumb': 'https://m.media-amazon.com/images/I/410QPNNE74L._SS40_.jpg', 'large': 'https://m.media-amazon.com/images/I/410QPNNE74L.jpg', 'variant': 'MAIN', 'hi_res': None}]",[],Format: Audio CD,[],"{'Date First Available': 'March 2, 2011', 'Number of discs': '1'}",B00000IR6D,
Digital Music,Jordin Sparks with Exclusive Bonus Track,4.6,338,[],['Jordin Sparks ~ Jordin Sparks With Exclusive Bonus Track'],8.0,"[{'thumb': 'https://m.media-amazon.com/images/I/51K6VVxgWJL._SS40_.jpg', 'large': 'https://m.media-amazon.com/images/I/51K6VVxgWJL.jpg', 'variant': 'MAIN', 'hi_res': None}]",[],Jordin Sparks   Format: Audio CD,[],"{'Package Dimensions': '5.6 x 4.9 x 0.2 inches; 4.8 Ounces', 'Manufacturer': 'Zomba Recording LLC', 'Date First Available': 'November 24, 2007', 'Label': 'Zomba Recording LLC', 'Number of discs': '1'}",B000ZQASEM,
Digital Music,Guqin - A Collection of Music Played on the Guqin (2) (4 Audio CDs),5.0,2,[],[],176.45,"[{'thumb': 'https://m.media-amazon.com/images/I/61P1SAVKhaL._SS40_.jpg', 'large': 'https://m.media-amazon.com/images/I/61P1SAVKhaL.jpg', 'variant': 'MAIN', 'hi_res': None}]",[],Format: Audio CD,[],"{'Date First Available': 'September 19, 2017'}",7799215364,
Digital Music,Undisguised,4.9,45,[],['2009 Anthony Evans Inc.'],6.91,"[{'thumb': 'https://m.media-amazon.com/images/I/51tIeUHA9SL._SS40_.jpg', 'large': 'https://m.media-amazon.com/images/I/51tIeUHA9SL.jpg', 'variant': 'MAIN', 'hi_res': 'https://m.media-amazon.com/images/I/81waNEEMHTL._SL1500_.jpg'}]",[],Anthony Evans   Format: Audio CD,[],"{'Is Discontinued By Manufacturer': 'No', 'Product Dimensions': '5.59 x 4.65 x 0.39 inches; 3.53 Ounces', 'Manufacturer': 'Evans Anthony', 'Date First Available': 'June 12, 2010', 'Label': 'Evans Anthony', 'Country of Origin': 'United Kingdom', 'Number of discs': '1'}",B003826E20,
Digital Music,Initiation: Inside the Great Pyramid,4.0,30,[],"['Product Description', ""A landmark recording, and now the best-and only- recording of its kind! Recorded in 1981 before the unrest in Egypt, listeners can hear, and feel, what it's like to chant inside the King's Chamber, with its unique resonance. Special mics were used to record the 'silence'. Ancient Mysteries TV programs generate a growing niche audience."", 'About the Author', 'Steven Halpern, Ph.D. stands at the leading edge of the growing public understanding of the relationship between music, body, mind and spirit. An internationally acclaimed composer and recording artist Halpern has produced over sixty recordings and authored several books. His music has been featured on 48 Hours, AmericaAs Talking, and in USA Today, The New York Times and Yoga Journal. HalpernAs recordings are used in hospitals, healing clinics, and leading spas worldwide.', 'Joseph Nagler, D.A., C.M.T., is a musician, composer, and a certified music therapist who received his doctorate from New York University. He is the Music Department Chair and Queensborough College and was the Co-Director of the Center for Research in the Arts & Medicine, at New York UniversityAs Rusk Institute of Rehabilitation Medicine.']",14.99,"[{'thumb': 'https://m.media-amazon.com/images/I/51COS01BicL._SS40_.jpg', 'large': 'https://m.media-amazon.com/images/I/51COS01BicL.jpg', 'variant': 'MAIN', 'hi_res': 'https://m.media-amazon.com/images/I/81arZ5fbRnL._SL1400_.jpg'}]",[],Steven Halpern   Format: Audio CD,[],"{'Is Discontinued By Manufacturer': 'No', 'Product Dimensions': '5.57 x 0.4 x 5.72 inches; 3.36 Ounces', 'Manufacturer': 'Allegro Corporation', 'Item model number': '65446', 'Original Release Date': '2007', 'Date First Available': 'February 7, 2007', 'Label': 'Allegro Corporation', 'Country of Origin': 'USA', 'Number of discs': '1'}",B000GFD36C,
Digital Music,Impressions With Jerry Butler & Betty Everett,5.0,1,[],[],4.99,"[{'thumb': 'https://m.media-amazon.com/images/I/51J-FKoSqfL._SS40_.jpg', 'large': 'https://m.media-amazon.com/images/I/51J-FKoSqfL.jpg', 'variant': 'MAIN', 'hi_res': 'https://m.media-amazon.com/images/I/91QuFSDi6aL._SL1500_.jpg'}, {'thumb': 'https://m.media-amazon.com/images/I/51E6DYnzm8L._SS40_.jpg', 'large': 'https://m.media-amazon.com/images/I/51E6DYnzm8L.jpg', 'variant': 'PT01', 'hi_res': 'https://m.media-amazon.com/images/I/912omPwmPiL._SL1500_.jpg'}, {'thumb': 'https://m.media-amazon.com/images/I/41hIKJHtjpL._SS40_.jpg', 'large': 'https://m.media-amazon.com/images/I/41hIKJHtjpL.jpg', 'variant': 'PT02', 'hi_res': 'https://m.media-amazon.com/images/I/91xItN1NL4L._SL1500_.jpg'}, {'thumb': 'https://m.media-amazon.com/images/I/41cdHR6MX+L._SS40_.jpg', 'large': 'https://m.media-amazon.com/images/I/41cdHR6MX+L.jpg', 'variant': 'PT03', 'hi_res': 'https://m.media-amazon.com/images/I/91GjIBcwevL._SL1500_.jpg'}, {'thumb': 'https://m.media-amazon.com/images/I/41YxuVPwmTL._SS40_.jpg', 'large': 'https://m.media-amazon.com/images/I/41YxuVPwmTL.jpg', 'variant': 'PT04', 'hi_res': 'https://m.media-amazon.com/images/I/91jGtUoX3dL._SL1500_.jpg'}]",[],None,[],"{'Date First Available': 'June 4, 2010'}",B003UJ6J9E,
Digital Music,"Music & Movement Fun & Games Galore Exciting New Songs / Educational Songs for Kids of all Ages, Perfect for Mommy & Me, Pre-School, Kindergarten, Amazing Jewish Music For Kids",5.0,11,[],[],,"[{'thumb': 'https://m.media-amazon.com/images/I/51ugB-JS-4L._SS40_.jpg', 'large': 'https://m.media-amazon.com/images/I/51ugB-JS-4L.jpg', 'variant': 'MAIN', 'hi_res': None}]",[],"Surie Levilev  (Artist),     Morah Music  (Orchestra)    Format: Audio CD",[],"{'Package Dimensions': '5.55 x 4.92 x 0.31 inches; 3.17 Ounces', 'Manufacturer': 'MMusic Productions', 'Date First Available': 'January 9, 2019', 'Label': 'MMusic Productions'}",B07MSG4K21,
Digital Music,RENE & SABOR,5.0,1,[],[],2.5,"[{'thumb': 'https://m.media-amazon.com/images/I/01RmK+J4pJL._SS40_.gif', 'large': 'https://m.media-amazon.com/images/I/01RmK+J4pJL.gif', 'variant': 'MAIN', 'hi_res': None}]",[],RENE & SABOR!  (Author)    Format: Audio CD,[],"{'Date First Available': 'May 6, 2007'}",B000QB71XM,
Digital Music,Pacha Mama,4.0,1,[],[],98.9,"[{'thumb': 'https://m.media-amazon.com/images/I/61i2JvNhBsL._SS40_.jpg', 'large': 'https://m.media-amazon.com/images/I/61i2JvNhBsL.jpg', 'variant': 'MAIN', 'hi_res': 'https://m.media-amazon.com/images/I/A1rIygna2fL._SL1500_.jpg'}]",[],Quichua Mashis   Format: Audio CD,[],"{'Package Dimensions': '5.55 x 4.97 x 0.54 inches; 2.83 Ounces', 'Manufacturer': 'QM Records', 'Date First Available': 'May 15, 2006', 'Label': 'QM Records', 'Number of discs': '1'}",B000FPPZLO,
Digital Music,20Ten,4.8,42,[],[],,"[{'thumb': 'https://m.media-amazon.com/images/I/51BClbN-7tL._SS40_.jpg', 'large': 'https://m.media-amazon.com/images/I/51BClbN-7tL.jpg', 'variant': 'MAIN', 'hi_res': 'https://m.media-amazon.com/images/I/71VMQOGDUVL._SL1024_.jpg'}, {'thumb': 'https://m.media-amazon.com/images/I/51X-1yUDWuL._SS40_.jpg', 'large': 'https://m.media-amazon.com/images/I/51X-1yUDWuL.jpg', 'variant': 'PT01', 'hi_res': 'https://m.media-amazon.com/images/I/61gN7wfA5hL._SL1024_.jpg'}, {'thumb': 'https://m.media-amazon.com/images/I/51cVi0lTVDL._SS40_.jpg', 'large': 'https://m.media-amazon.com/images/I/51cVi0lTVDL.jpg', 'variant': 'PT02', 'hi_res': 'https://m.media-amazon.com/images/I/71qHN1A0v7L._SL1024_.jpg'}]",[],Prince   Format: Audio CD,[],"{'Date First Available': 'May 11, 2016'}",B01FF8ZZK6,
Digital Music,Nuevos Exitos De Celia Cruz,5.0,1,[],[],,"[{'thumb': 'https://m.media-amazon.com/images/I/51wY92ttPxL._SS40_.jpg', 'large': 'https://m.media-amazon.com/images/I/51wY92ttPxL.jpg', 'variant': 'MAIN', 'hi_res': None}, {'thumb': 'https://m.media-amazon.com/images/I/519O-kauq5L._SS40_.jpg', 'large': 'https://m.media-amazon.com/images/I/519O-kauq5L.jpg', 'variant': 'PT01', 'hi_res': None}]",[],Celia Cruz   Format: Audio CD,[],"{'Manufacturer': 'Tico Records', 'Date First Available': 'April 9, 2010', 'Label': 'Tico Records', 'Number of discs': '1'}",B003GD03P0,
Digital Music,THUNDER WIND & RAIN NATURESCAPES A MUSIC,3.0,2,[],[],8.01,"[{'thumb': 'https://m.media-amazon.com/images/I/51kiT83grAL._SS40_.jpg', 'large': 'https://m.media-amazon.com/images/I/51kiT83grAL.jpg', 'variant': 'MAIN', 'hi_res': 'https://m.media-amazon.com/images/I/81cu1kECVUL._SL1500_.jpg'}]",[],Format: Audio CD,[],"{'Package Dimensions': '5.55 x 4.97 x 0.54 inches; 2.88 Ounces', 'Date First Available': 'June 10, 2010'}",B003R2PASA,
Digital Music,Every Moment,4.0,4,[],[],28.21,"[{'thumb': 'https://m.media-amazon.com/images/I/314BZ3m3XSL._SS40_.jpg', 'large': 'https://m.media-amazon.com/images/I/314BZ3m3XSL.jpg', 'variant': 'MAIN', 'hi_res': None}]",[],"Nathan Paul  (Artist),     Heidi Chapman  (Artist)    Format: Audio CD",[],"{'Package Dimensions': '5.55 x 4.97 x 0.54 inches; 2.83 Ounces', 'Date First Available': 'April 7, 2004'}",B00020V7ZK,
Digital Music,LDS: Popcorn Popping CD - Marvin Goldstein,5.0,1,[],[],,"[{'thumb': 'https://m.media-amazon.com/images/I/41O6FlphixL._SS40_.jpg', 'large': 'https://m.media-amazon.com/images/I/41O6FlphixL.jpg', 'variant': 'MAIN', 'hi_res': 'https://m.media-amazon.com/images/I/61f3jdcBCbL._SL1000_.jpg'}]",[],Format: Audio CD,[],"{'Package Dimensions': '5.55 x 4.97 x 0.54 inches; 2.83 Ounces', 'Date First Available': 'August 6, 2012'}",B008TV8QL2,
Digital Music,"Banda Zeta ""20 Exitos""",5.0,6,[],"['Banda Zeta (20 Exitos) DLP-4033  1. HOTEL CALIFORNIA  2. ROCK NATIVO  3. LA CALENTURA  4. PRESUMIDAS S.A.  5. JACARANDOSA  6. NINITA PROBLEMA  7. EL SR. DE LAS CANAS  8. AEROBICS DE SENORITAS  9. EL GATO DE VECINDARIO  10. EL CARINO QUE PERDI  11. ZAPATOS VIEJOS  12. PORQUE ME QUITE DEL VICIO  13. ZAPATOS DE BAILADOR  14. LA PALIDA LUZ  15. LA MATRACA  16. REVENTON UNISEX  17. LA NINA FRESA  18. CANCION DE UNA TRISTE PROMESA  19. DE CHIVITO LOS TAMALES  20. JUAREZ  1998 Mex. Titulos Cortesia: Musica Tierra Caliente, Gracias. 2/4/XIX']",24.98,"[{'thumb': 'https://m.media-amazon.com/images/I/51GSv3aSR8L._SS40_.jpg', 'large': 'https://m.media-amazon.com/images/I/51GSv3aSR8L.jpg', 'variant': 'MAIN', 'hi_res': None}]",[],"Banda Zeta, Zeta, Zeta Banda.  (Composer)    Format: Audio CD",[],"{'Package Dimensions': '5.6 x 4.9 x 0.5 inches; 0.01 Ounces', 'Manufacturer': 'MCM', 'Date First Available': 'August 20, 2008', 'Label': 'MCM', 'Number of discs': '1'}",B001EKGRMA,
Digital Music,Theres a Storm Coming by In Faith,4.8,22,[],[],,"[{'thumb': 'https://m.media-amazon.com/images/I/51jZ-5QDRVL._SS40_.jpg', 'large': 'https://m.media-amazon.com/images/I/51jZ-5QDRVL.jpg', 'variant': 'MAIN', 'hi_res': None}]",[],In Faith  (Artist)    Format: Audio CD,[],"{'Manufacturer': 'rocktopia records', 'Date First Available': 'July 20, 2020', 'Label': 'rocktopia records'}",B01MRE4W8X,
Digital Music,Mis Mejores a Años,5.0,1,[],['1.- POR EL AMOR DE UNA MUJER DANNY DANIEL 2.- LLAMARADA Manolo Muñoz 3.- SIEMPRE TE RECORDARE YACO MONTI 4.- SOY LO PROHIBIDO VICTOR YTURBE 5.- ADORO CARLOS LICO 6.- EMBRUJO ENRIQUE LINARES 7.- TE VI LLORANDO MARCO ANTONIO VAZQUEZ 8.- POR TI OSCAR CHAVEZ 9.- ESTA TARDE VI LLORAR ARMANDO MANZANERO 10.- ESA PARED LEO DAN 11.- LO SE ENRIQUE GUZMAN 12.- ESPEJISMO JUANELLO 13.- MELANCOLIA JOSE AUGUSTO 14.- YO QUIERO DIBUJARTE ELIO ROCA 15.- UNA VIEJA CANCION DE AMOR RAUL ABRAMZON 16.- ANTIGUA ERICK 17.- MI CARAZON LLORO KING CLAVE 18.- EL PECADOR ALBERTO VAZQUEZ'],98.88,"[{'thumb': 'https://m.media-amazon.com/images/I/51FAX1f7oWL._SS40_.jpg', 'large': 'https://m.media-amazon.com/images/I/51FAX1f7oWL.jpg', 'variant': 'MAIN', 'hi_res': 'https://m.media-amazon.com/images/I/8190cNbkquL._SL1500_.jpg'}]",[],"Danny Daniel  (Composer),     UNIVERSAL  (Author)    Format: Audio CD",[],"{'Date First Available': 'August 28, 2011'}",B005JPUWJU,
Digital Music,30 Greatest Hits of Lynyrd Skynyrd,4.8,5,[],"[""Track Listings:  CD 1 1. Sweet Home Alabama - - 4:44 2. Need All My Friends - - 5:10 3. Blues Medley - - 10:14 4. Down South Jukin' - - 2:12 5. Was I Right Or Wrong - - 5:21 6. I Ain't The One - - 3:55 7. Tuesday's Gone - - 7:32 8. Gimme Three Steps - - 4:26 9. Workin' For MCA - - 4:46 10. The Ballad Of Curtis Loew - - 4:51 11. Call Me The Breeze - - 5:06 12. Saturday Night Special - - 5:08 13. All I Can Do Is Write About It - - 4:24 14. Free Bird - - 9:08  CD 2 1. Whiskey Rock-A-Roller - - 4:14 2. Simple Man - - 6:48 3. What's Your Name - - 3:31 4. That Smell - - 5:47 5. I Know A Little - - 3:26 6. You Got That Right - - 3:44 7. Comin' Home - - 6:43 8. Swamp Music - - 3:51 9. Gimme Back My Bullets - - 4:53 10. Smokestack Lightning - - 4:28 11. The Last Rebel - - 6:47 12. Things Goin' On - - 3:00 13. Talked Myself Right Into It - - 3:25 14. We Ain't Much Different - - 3:40 15. Workin' - - 4:53 16. Mad Hatter - - 5:39""]",16.97,"[{'thumb': 'https://m.media-amazon.com/images/I/41Cit2qzxTL._SS40_.jpg', 'large': 'https://m.media-amazon.com/images/I/41Cit2qzxTL.jpg', 'variant': 'MAIN', 'hi_res': 'https://m.media-amazon.com/images/I/715+KavoQSL._SL1500_.jpg'}, {'thumb': 'https://m.media-amazon.com/images/I/513FZ4n4waL._SS40_.jpg', 'large': 'https://m.media-amazon.com/images/I/513FZ4n4waL.jpg', 'variant': 'PT01', 'hi_res': 'https://m.media-amazon.com/images/I/91HhR5u-zYL._SL1500_.jpg'}]",[],Lynyrd Skynyrd  (Contributor)    Format: Audio CD,[],"{'Item Weight': '8 Ounces', 'Manufacturer': 'MCA /Univ', 'Run time': '2 hours', 'Date First Available': 'December 8, 2021', 'Label': 'MCA /Univ', 'Country of Origin': 'USA', 'Number of discs': '2'}",B09NB1LX7J,
Digital Music,美少女戦士セーラームーン セー,5.0,1,[],[],36.54,"[{'thumb': 'https://m.media-amazon.com/images/I/01RmK+J4pJL._SS40_.gif', 'large': 'https://m.media-amazon.com/images/I/01RmK+J4pJL.gif', 'variant': 'MAIN', 'hi_res': None}]",[],三石琴乃   Format: Audio CD,[],"{'Package Dimensions': '5.55 x 4.97 x 0.54 inches; 2.83 Ounces', 'Date First Available': 'October 25, 2014', 'Number of discs': '1'}",B00005ERHJ,
Digital Music,Der Kommissar,4.5,10,[],[],16.69,"[{'thumb': 'https://m.media-amazon.com/images/I/51uw+bowAzL._SS40_.jpg', 'large': 'https://m.media-amazon.com/images/I/51uw+bowAzL.jpg', 'variant': 'MAIN', 'hi_res': None}]",[],Falco   Format: Audio CD,[],"{'Is Discontinued By Manufacturer': 'No', 'Package Dimensions': '5.55 x 4.97 x 0.54 inches; 2.83 Ounces', 'Date First Available': 'August 6, 2012', 'Number of discs': '1'}",B000008A2U,
Digital Music,Do the Twist With Ray Charles,5.0,5,[],"['This compilation album was released in 1961 by Atlantic Records. Side A 1.""Tell Me How Do You Feel?"" 2.""I Got A Woman"" 3.""Heartbreaker"" 4.""Tell The Truth"" Side B 1.""What\'d I Say"" 2.""Talkin\' \'Bout You"" 3.""You Be My Baby"" 4.""Leave My Woman Alone"" 5.""I\'m Movin\' On""']",3.99,"[{'thumb': 'https://m.media-amazon.com/images/I/314zt9VLCkL._SS40_.jpg', 'large': 'https://m.media-amazon.com/images/I/314zt9VLCkL.jpg', 'variant': 'MAIN', 'hi_res': None}, {'thumb': 'https://m.media-amazon.com/images/I/31yCqGVwtmL._SS40_.jpg', 'large': 'https://m.media-amazon.com/images/I/31yCqGVwtmL.jpg', 'variant': 'PT01', 'hi_res': None}, {'thumb': 'https://m.media-amazon.com/images/I/4158Gzvs4iL._SS40_.jpg', 'large': 'https://m.media-amazon.com/images/I/4158Gzvs4iL.jpg', 'variant': 'PT02', 'hi_res': None}]",[],None,[],"{'Package Dimensions': '12.64 x 12.44 x 0.47 inches; 10.86 Ounces', 'Date First Available': 'November 19, 2007'}",B000ZH3VCW,
Digital Music,L'Art du Son Record Cleaning Fluid for Shellac 78s,4.7,118,[],"[""The premiere product from L'Art du Son is a new and revolutionary record cleaning solution suitable for both vinyl LPs and shellac 78s. Developed after years of research by founder and analog devotee Martina Schoener. The cleaning fluid features: Very economical. Concentrate makes up to 4 quarts of cleaning fluid when added to ordinary distilled water. Contains NO alcohol which can damage Lp's. Use of Environmentally friendly formula components. Non-toxic, anti-static formula. Biodegradeable. Dramatic increase in dynamic contrasts from Lp playback Improved bass response from Lp playback Vast improvement in overall soundstage clarity from Lp playback Increased stage depth and sense of musical ease from Lp playback Substantial reduction in Lp noise floor resulting in improved clarity and instrumental definition Increased Lp longevity. Even makes brand new records sound quieter and better. No harsh chemical smell. Almost smells like a soft perfume in concentrate form. Even less odor when diluted. Imported from Germany, Made for Loricraft Audio. When properly diluted in one gallon of distilled water the cost is about $13.75 per quart of solution. This amount will last many thousands of record cleanings. Distilled water is readily available in most grocery stores or pharmacies for less than a dollar per gallon. Special extra pure deionized water is available from auto supply stores for refilling car batteries.""]",49.99,"[{'thumb': 'https://m.media-amazon.com/images/I/411W-Ff2IVL._SS40_.jpg', 'large': 'https://m.media-amazon.com/images/I/411W-Ff2IVL.jpg', 'variant': 'MAIN', 'hi_res': None}]",[],Format: Accessory,[],"{'Product Dimensions': '4.72 x 2.44 x 2.36 inches; 8.48 Ounces', 'Date First Available': 'February 3, 2014', 'Number of discs': '1'}",B000T400ZC,
Digital Music,"Assassins (Left Behind, Book 6)",4.7,1518,[],['8 audiocassettes. Unabridged. Read by Jack Sondericker. Book 6 of the Tribulation series.'],6.5,"[{'thumb': 'https://m.media-amazon.com/images/I/515XUKCSewL._SS40_.jpg', 'large': 'https://m.media-amazon.com/images/I/515XUKCSewL.jpg', 'variant': 'MAIN', 'hi_res': 'https://m.media-amazon.com/images/I/91GFiuWVhXL._SL1500_.jpg'}]",[],Jerry B. Jenkins   Tim LaHaye   Format: Audio Cassette,[],"{'Package Dimensions': '8.6 x 4.9 x 2.3 inches; 15.2 Ounces', 'Manufacturer': 'Books in Motion', 'Date First Available': 'November 15, 2002', 'Label': 'Books in Motion'}",1556869622,
Digital Music,"Complete Swedish Beginner to Intermediate Book and Audio Course: Learn to read, write, speak and understand a new language with Teach Yourself",4.2,9,[],[],29.97,"[{'thumb': 'https://m.media-amazon.com/images/I/51pTmp1fbNL._SS40_.jpg', 'large': 'https://m.media-amazon.com/images/I/51pTmp1fbNL.jpg', 'variant': 'MAIN', 'hi_res': 'https://m.media-amazon.com/images/I/71FaFbYPcLL._SL1000_.jpg'}]",[],"CROGHAN, VERA  (Artist)    Format: Audio CD",[],"{'Language': 'English', 'Product Dimensions': '5.31 x 0.59 x 7.56 inches; 3.25 Ounces', 'Manufacturer': 'GARDNERS VI BOOKS AMS006', 'Date First Available': 'October 8, 2011', 'Label': 'GARDNERS VI BOOKS AMS006'}",1444107186,
Digital Music,Worship From the Big Top,5.0,1,[],[],,"[{'thumb': 'https://m.media-amazon.com/images/I/61Gq58r-U4L._SS40_.jpg', 'large': 'https://m.media-amazon.com/images/I/61Gq58r-U4L.jpg', 'variant': 'MAIN', 'hi_res': None}]",[],Ronnie Freeman  (Author)    Format: Audio CD,[],"{'Package Dimensions': '5.6 x 4.8 x 0.4 inches; 3.2 Ounces', 'Manufacturer': 'JH Ranch', 'Date First Available': 'November 12, 2006', 'Label': 'JH Ranch', 'Number of discs': '1'}",B000KJ8Y18,
Digital Music,Je suis Grecque,4.4,22,[],"[""TITLES: 1 LE SOLEIL DE NOS COEURS 2 ATTENDRE, ATTENDRE 3 L'ETRANGERE 4 MES AMIS D'HIER 5 LE PORTUGAIS 6 VIOLENCE! VIOLENCE! 7 LE CHAT ET LA SOURIS 8 ENTRE LES LIGNES, ENTRE LES MOTS 9 PAR DIX, PAR CENT, PAR MILLE 10 RODOSTAMOU 11 JE SUIS GRECQUE""]",,"[{'thumb': 'https://m.media-amazon.com/images/I/51x0Bf28R9L._SS40_.jpg', 'large': 'https://m.media-amazon.com/images/I/51x0Bf28R9L.jpg', 'variant': 'MAIN', 'hi_res': 'https://m.media-amazon.com/images/I/71IF9KrG4sL._SL1000_.jpg'}]",[],Melina Mercouri  (Artist)    Format: Audio CD,[],"{'Package Dimensions': '5.43 x 5.35 x 0.24 inches; 0.71 Ounces', 'Date First Available': 'April 27, 2014', 'Number of discs': '1'}",B00JZ2KUSQ,
Digital Music,"NUGENT, TED & THE AMBOY DUKES - SURVIVAL OF THE FITTEST LIVE by N/A (0100-01-01)",4.6,40,[],[],21.99,"[{'thumb': 'https://m.media-amazon.com/images/I/31joMOe74fL._SS40_.jpg', 'large': 'https://m.media-amazon.com/images/I/31joMOe74fL.jpg', 'variant': 'MAIN', 'hi_res': None}]",[],Ted Nugent And The Amboy Dukes  (Artist)    Format: Audio CD,[],"{'Manufacturer': 'Sunrise Records', 'Date First Available': 'August 11, 2015', 'Label': 'Sunrise Records', 'Country of Origin': 'Germany', 'Number of discs': '1'}",B013RPFRK2,
Digital Music,Independence Eve At Grant Park with the Chicago Park District's Grant Park Symphony Orchestra and Chorus,5.0,1,[],[],2.99,"[{'thumb': 'https://m.media-amazon.com/images/I/61K0Q8xLu2L._SS40_.jpg', 'large': 'https://m.media-amazon.com/images/I/61K0Q8xLu2L.jpg', 'variant': 'MAIN', 'hi_res': None}]",[],"David Loebel, conductor  (Author),     Elizabeth Norman, soprano  (Author)    Format: Audio CD",[],"{'Package Dimensions': '5.6 x 4.9 x 0.4 inches; 3.2 Ounces', 'Manufacturer': 'GPMF', 'Run time': '114 minutes', 'Date First Available': 'December 8, 2004', 'Label': 'GPMF', 'Number of discs': '1'}",B0006Z15EE,
Digital Music,Too Late Blues,4.2,3,[],"['Limited edition of 1000 copies. Track listing: 1. Seal One Part 1 – Sax Raises Its Ugly Head 2. Theme from Too Late Blues (A Song After Sundown) 3. The Rim Shot Heard ’Round the World 4. Mother Time (Juke Box) 5. Something Like Noodles/Something Like Bulio/Something Like That 6. Heel and Toe – Get Wildroot Hair Oil, Charlie 7. Bass Canard (short version) 8. Look Inward, Angel 9. Danzon 10. A Song After Sundown 11. Sambalero 12. Recording Studio Part 2 – A Song After Sundown 13. Wither Thou, Ghost! 14. Blues for Tomorrow 15. Ulysses in Swanktown 16. Like Lasagna 17. Ghost Blows Test 18. Benny Splits While Jimmy Rowles 19. Ciudad de Mexico 20. Wife’s Other John 21. Finale – The Rim Shot Heard ’Round the World. BONUS TRACKS: 22. Paramount Seal and Tie-In (alternate version) 23. Danzon 24. Ciudad de Mexico 25. Some Other Time 26. Benny Splits While Jimmy Rowles (short version) 27. Look Inward, Angel (combo) 28. Look Inward, Angel (combo – long version) 29. The Rim Shot Heard ’Round the World (alternate) 30. Sambalero 31. Bass Canard (long version) 32. Wife’s Other John (extended version).']",14.95,"[{'thumb': 'https://m.media-amazon.com/images/I/61DUj4a8WaL._SS40_.jpg', 'large': 'https://m.media-amazon.com/images/I/61DUj4a8WaL.jpg', 'variant': 'MAIN', 'hi_res': None}]",[],"David Raksin  (Composer, Conductor)    Format: Audio CD",[],"{'Package Dimensions': '5.55 x 4.97 x 0.54 inches; 2.83 Ounces', 'Manufacturer': 'Kritzerland', 'Date First Available': 'June 5, 2013', 'Label': 'Kritzerland', 'Number of discs': '1'}",B00D7HBTQ2,
Digital Music,Iuhan 82,3.2,3,[],[],,"[{'thumb': 'https://m.media-amazon.com/images/I/51JBSaYYuBL._SS40_.jpg', 'large': 'https://m.media-amazon.com/images/I/51JBSaYYuBL.jpg', 'variant': 'MAIN', 'hi_res': 'https://m.media-amazon.com/images/I/71Z7YONJiyL._SL1100_.jpg'}, {'thumb': 'https://m.media-amazon.com/images/I/51CcoMzJj4L._SS40_.jpg', 'large': 'https://m.media-amazon.com/images/I/51CcoMzJj4L.jpg', 'variant': 'PT01', 'hi_res': 'https://m.media-amazon.com/images/I/61CK+gzRF5L._SL1046_.jpg'}, {'thumb': 'https://m.media-amazon.com/images/I/51IwdjHjJZL._SS40_.jpg', 'large': 'https://m.media-amazon.com/images/I/51IwdjHjJZL.jpg', 'variant': 'PT02', 'hi_res': 'https://m.media-amazon.com/images/I/61ykvh-dwmL._SL1046_.jpg'}, {'thumb': 'https://m.media-amazon.com/images/I/51b5L0hvMiL._SS40_.jpg', 'large': 'https://m.media-amazon.com/images/I/51b5L0hvMiL.jpg', 'variant': 'PT03', 'hi_res': 'https://m.media-amazon.com/images/I/71qcDmcWSfL._SL1046_.jpg'}, {'thumb': 'https://m.media-amazon.com/images/I/51fCUonDDVL._SS40_.jpg', 'large': 'https://m.media-amazon.com/images/I/51fCUonDDVL.jpg', 'variant': 'PT04', 'hi_res': 'https://m.media-amazon.com/images/I/61KabUXf59L._SL1046_.jpg'}, {'thumb': 'https://m.media-amazon.com/images/I/41bAyvuAq7L._SS40_.jpg', 'large': 'https://m.media-amazon.com/images/I/41bAyvuAq7L.jpg', 'variant': 'PT05', 'hi_res': 'https://m.media-amazon.com/images/I/61ebmkNKeUL._SL1046_.jpg'}, {'thumb': 'https://m.media-amazon.com/images/I/51zs116RalL._SS40_.jpg', 'large': 'https://m.media-amazon.com/images/I/51zs116RalL.jpg', 'variant': 'PT06', 'hi_res': 'https://m.media-amazon.com/images/I/71-p5aYmHhL._SL1046_.jpg'}, {'thumb': 'https://m.media-amazon.com/images/I/41a-OnogkjL._SS40_.jpg', 'large': 'https://m.media-amazon.com/images/I/41a-OnogkjL.jpg', 'variant': 'PT07', 'hi_res': 'https://m.media-amazon.com/images/I/61cOdwaMwuL._SL1046_.jpg'}, {'thumb': 'https://m.media-amazon.com/images/I/51gRXaX9JFL._SS40_.jpg', 'large': 'https://m.media-amazon.com/images/I/51gRXaX9JFL.jpg', 'variant': 'PT08', 'hi_res': 'https://m.media-amazon.com/images/I/71cQ0ake-3L._SL1046_.jpg'}]",[],None,[],"{'Is Discontinued By Manufacturer': 'No', 'Item model number': 'Iuhan', 'Date First Available': 'March 20, 2017'}",B01HULCZZ4,
Digital Music,"Minnesota Blues ...Live In Deluth October, 1968",2.5,3,[],[],42.48,"[{'thumb': 'https://m.media-amazon.com/images/I/61WFnIJrCXL._SS40_.jpg', 'large': 'https://m.media-amazon.com/images/I/61WFnIJrCXL.jpg', 'variant': 'MAIN', 'hi_res': 'https://m.media-amazon.com/images/I/81OdkiJyFfL._SL1067_.jpg'}, {'thumb': 'https://m.media-amazon.com/images/I/61hLPYkbT1L._SS40_.jpg', 'large': 'https://m.media-amazon.com/images/I/61hLPYkbT1L.jpg', 'variant': 'PT01', 'hi_res': 'https://m.media-amazon.com/images/I/81phQm9OMcL._SL1071_.jpg'}]",[],Format: Audio CD,[],"{'Package Dimensions': '5.55 x 4.97 x 0.54 inches; 2.83 Ounces', 'Date First Available': 'September 17, 2014'}",B00NNV6HRI,
Digital Music,Great Dg & Emi (37CD Box Set),5.0,2,[],[],,"[{'thumb': 'https://m.media-amazon.com/images/I/41t+Ke6alFL._SS40_.jpg', 'large': 'https://m.media-amazon.com/images/I/41t+Ke6alFL.jpg', 'variant': 'MAIN', 'hi_res': None}]",[],Format: Audio CD,[],"{'Product Dimensions': '5.71 x 0.39 x 4.92 inches; 1.1 Pounds', 'Date First Available': 'May 28, 2019', 'Number of discs': '37'}",B01MTL9QGG,
Digital Music,Chopin 24 Preludes Op. 28 Prelude in C-sharp Minor Op. 45,5.0,2,[],['cd with 26 tracks'],9.99,"[{'thumb': 'https://m.media-amazon.com/images/I/412O7jwqQZL._SS40_.jpg', 'large': 'https://m.media-amazon.com/images/I/412O7jwqQZL.jpg', 'variant': 'MAIN', 'hi_res': 'https://m.media-amazon.com/images/I/81g2dNsMbmL._SL1500_.jpg'}]",[],Walter Klein  (Author)    Format: Audio CD,[],"{'Package Dimensions': '5.55 x 4.97 x 0.54 inches; 2.83 Ounces', 'Date First Available': 'October 29, 2009'}",B002UT90ZK,
Digital Music,Spirit of the 60's (New Studio Recordings By the Original Artists),4.0,2,[],[],16.5,"[{'thumb': 'https://m.media-amazon.com/images/I/51jBPeb0sjL._SS40_.jpg', 'large': 'https://m.media-amazon.com/images/I/51jBPeb0sjL.jpg', 'variant': 'MAIN', 'hi_res': 'https://m.media-amazon.com/images/I/91fJHw4uKvL._SL1500_.jpg'}]",[],Format: Audio CD,[],"{'Package Dimensions': '5.55 x 4.97 x 0.54 inches; 2.88 Ounces', 'Date First Available': 'June 6, 2012'}",B0089AZVSY,
Digital Music,25 Greatest Hits,4.2,25,[],['25 TRACKS'],,"[{'thumb': 'https://m.media-amazon.com/images/I/51jfzaio+OL._SS40_.jpg', 'large': 'https://m.media-amazon.com/images/I/51jfzaio+OL.jpg', 'variant': 'MAIN', 'hi_res': None}, {'thumb': 'https://m.media-amazon.com/images/I/5198cCFSqOL._SS40_.jpg', 'large': 'https://m.media-amazon.com/images/I/5198cCFSqOL.jpg', 'variant': 'PT01', 'hi_res': None}]",[],Carl Carlton  (Artist)    Format: Audio CD,[],"{'Manufacturer': 'Black Tulip', 'Date First Available': 'March 18, 2005', 'Label': 'Black Tulip', 'Number of discs': '1'}",B00081YRJG,
Digital Music,Sir Thomas,4.0,1,[],['vinyl album'],203.0,"[{'thumb': 'https://m.media-amazon.com/images/I/41BzjKMyXSL._SS40_.jpg', 'large': 'https://m.media-amazon.com/images/I/41BzjKMyXSL.jpg', 'variant': 'MAIN', 'hi_res': 'https://m.media-amazon.com/images/I/91wDmqTaj0L._SL1500_.jpg'}]",[],"Royal Philharmonic Orchestra, Sir Thomas Beecham  (Performer)",[],"{'Manufacturer': 'Columbia-uel', 'Date First Available': 'January 19, 2018', 'Label': 'Columbia-uel'}",B07953GPNS,
Digital Music,"HAPPY BIRTHDAY IT'S PARTY TIME with the Crickentone Chorus, Orchestra and Playhour Players",5.0,1,[],[],9.99,"[{'thumb': 'https://m.media-amazon.com/images/I/219j3pAru9L._SS40_.jpg', 'large': 'https://m.media-amazon.com/images/I/219j3pAru9L.jpg', 'variant': 'MAIN', 'hi_res': 'https://m.media-amazon.com/images/I/31t2Xj6pXEL._SL1080_.jpg'}]",[],None,[],"{'Date First Available': 'June 1, 2011'}",B0053TD28U,
Digital Music,"Ryszard Rynkowski & Renata Dabkowska - Polskie Koledy, Christmas Carols in Polish",4.0,5,[],[],42.92,"[{'thumb': 'https://m.media-amazon.com/images/I/51rgOtMYDuL._SS40_.jpg', 'large': 'https://m.media-amazon.com/images/I/51rgOtMYDuL.jpg', 'variant': 'MAIN', 'hi_res': 'https://m.media-amazon.com/images/I/91z24OZESYL._SL1500_.jpg'}, {'thumb': 'https://m.media-amazon.com/images/I/51v1rf5dnuL._SS40_.jpg', 'large': 'https://m.media-amazon.com/images/I/51v1rf5dnuL.jpg', 'variant': 'PT01', 'hi_res': 'https://m.media-amazon.com/images/I/81uAILNCOmL._SL1500_.jpg'}]",[],"Ryszard Rynkowski  (Artist),     Renata Dqbkowska  (Artist)    Format: Audio CD",[],"{'Package Dimensions': '5.6 x 5 x 0.3 inches; 3.21 Ounces', 'Date First Available': 'September 2, 2011'}",B007XHW77C,
Digital Music,The Beatles - THE ESHER DEMOS - Audio Cd MLPS [Mini Long Play Sleeve] Japanese Mini-LP Replica Audio CD OBI,4.8,35,[],['...'],,"[{'thumb': 'https://m.media-amazon.com/images/I/51m9o+GPrzL._SS40_.jpg', 'large': 'https://m.media-amazon.com/images/I/51m9o+GPrzL.jpg', 'variant': 'MAIN', 'hi_res': None}, {'thumb': 'https://m.media-amazon.com/images/I/51Ok+7Cz0BL._SS40_.jpg', 'large': 'https://m.media-amazon.com/images/I/51Ok+7Cz0BL.jpg', 'variant': 'PT01', 'hi_res': None}]",[],The Beatles  (Composer)    Format: Audio CD,[],"{'Package Dimensions': '3 x 3 x 0.1 inches', 'Date First Available': 'May 6, 2012'}",B0080U5CFA,
Digital Music,"Boston, Picture Disc Vinyl 1976 Epic E99 34188",4.8,6,[],[],49.0,"[{'thumb': 'https://m.media-amazon.com/images/I/51AmaM6l4tL._SS40_.jpg', 'large': 'https://m.media-amazon.com/images/I/51AmaM6l4tL.jpg', 'variant': 'MAIN', 'hi_res': 'https://m.media-amazon.com/images/I/91KbcG1zYfL._SL1500_.jpg'}]",[],None,[],"{'Package Dimensions': '12 x 12 x 0.2 inches', 'Date First Available': 'September 28, 2012'}",B0097F17CE,
Digital Music,Verdi: Requiem / Quattro Pezzi Sacri Four Sacred Pieces,4.6,52,[],"['Amazon.com', ""This religious masterpiece, composed in memory of the great Italian novelist Alessandro Manzoni (1785-1873), has themes even more cosmic than any in Verdi's other operas: life and death, heaven and hell, the Christian vision of humanity's redemption, the end of the world, and the last judgment. Verdi's music rises to the tremendous demands of this subject matter; it is music of grandeur, guilt, terror, and consolation, with a breadth of vision and an intensity of feeling unique in the composer's work and in religious music. John Eliot Gardiner's is the first recording made with period instruments, a kind of performance that some musiclovers still dismiss as dilettantism, more concerned with musicological correctness than feeling and communication. Gardiner's powerful performance blows such objections away, and this recording takes a rightful place alongside the best modern instrument versions."", '--Joe McLellan']",24.98,"[{'thumb': 'https://m.media-amazon.com/images/I/51onKEi3O8L._SS40_.jpg', 'large': 'https://m.media-amazon.com/images/I/51onKEi3O8L.jpg', 'variant': 'MAIN', 'hi_res': 'https://m.media-amazon.com/images/I/71pnje9RDTL._SL1200_.jpg'}, {'thumb': 'https://m.media-amazon.com/images/I/519+gJi4LlL._SS40_.jpg', 'large': 'https://m.media-amazon.com/images/I/519+gJi4LlL.jpg', 'variant': 'BACK', 'hi_res': 'https://m.media-amazon.com/images/I/81q7zwuN3+L._SL1280_.jpg'}]",[],"Verdi, G  (Performer),     Various Artists  (Contributor),     Verdi / Gardiner / Monteverdi Choir  (Contributor),     Orgonasova/Von Otter/Canonici  (Contributor),     Gardiner/Revolutionnaire Et Ro  (Contributor)    &                   2                  more   Format: Audio CD",[],"{'Is Discontinued By Manufacturer': 'No', 'Language': 'English', 'Product Dimensions': '5.59 x 5.04 x 0.94 inches; 6.7 Ounces', 'Manufacturer': 'Philips', 'Item model number': '28944214222', 'Original Release Date': '1995', 'SPARS Code': 'DDD', 'Date First Available': 'July 27, 2006', 'Label': 'Philips', 'Number of discs': '2'}",B00000418W,
Digital Music,HISTORIA MUSICAL,4.1,3,[],[],,"[{'thumb': 'https://m.media-amazon.com/images/I/31WCQqUjV0L._SS40_.jpg', 'large': 'https://m.media-amazon.com/images/I/31WCQqUjV0L.jpg', 'variant': 'MAIN', 'hi_res': None}]",[],ISMAEL RIVERA  (Artist)    Format: Audio CD,[],"{'Date First Available': 'February 27, 2009'}",B00126J8SG,
Digital Music,Thinking of You,4.9,19,[],[],10.77,"[{'thumb': 'https://m.media-amazon.com/images/I/51L7gJJy6jL._SS40_.jpg', 'large': 'https://m.media-amazon.com/images/I/51L7gJJy6jL.jpg', 'variant': 'MAIN', 'hi_res': 'https://m.media-amazon.com/images/I/91OJtRIWAwL._SL1500_.jpg'}]",[],Jackie Gleason and His Orchestra  (Artist)    Format: Unknown Binding,[],"{'Package Dimensions': '5.55 x 4.97 x 0.54 inches; 2.83 Ounces', 'Manufacturer': 'cema', 'Date First Available': 'January 9, 2007', 'Label': 'cema', 'Number of discs': '1'}",B000MK2Z5Q,
Digital Music,WayV 3 GIFT Take Over The Moon Album+Folded Poster Group Extra Photocard+MAFF Aerosilver Premium Mask,4.8,43,[],"['■ Release Date : 2019.11.22', '■ CD + 124p Photobook + Photocard (Random 1 out of 7) + Circle Card (Random 1 out of 7)', '■ Comes with 1 Official Folded Poster(Group ver.)', '■ Comes with Extra Photocard and 1 MAFF Aerosilver Premium 3D Mask', '■ Ships from Korea, Republic of', '■ 100% Original Brand New Item', '■ Will be Count Towards Hanteo and Gaon Chart']",32.9,"[{'thumb': 'https://m.media-amazon.com/images/I/41rjm0J+syL._SS40_.jpg', 'large': 'https://m.media-amazon.com/images/I/41rjm0J+syL.jpg', 'variant': 'MAIN', 'hi_res': None}, {'thumb': 'https://m.media-amazon.com/images/I/41HSvihSbTL._SS40_.jpg', 'large': 'https://m.media-amazon.com/images/I/41HSvihSbTL.jpg', 'variant': 'PT01', 'hi_res': 'https://m.media-amazon.com/images/I/61OEZLcFSgL._SL1280_.jpg'}, {'thumb': 'https://m.media-amazon.com/images/I/413jEoQ5QvL._SS40_.jpg', 'large': 'https://m.media-amazon.com/images/I/413jEoQ5QvL.jpg', 'variant': 'PT02', 'hi_res': None}, {'thumb': 'https://m.media-amazon.com/images/I/41DNZ+LJmvL._SS40_.jpg', 'large': 'https://m.media-amazon.com/images/I/41DNZ+LJmvL.jpg', 'variant': 'PT03', 'hi_res': 'https://m.media-amazon.com/images/I/61Y71UZ5xYL._SL1500_.jpg'}, {'thumb': 'https://m.media-amazon.com/images/I/41RX8wgeMKL._SS40_.jpg', 'large': 'https://m.media-amazon.com/images/I/41RX8wgeMKL.jpg', 'variant': 'PT04', 'hi_res': 'https://m.media-amazon.com/images/I/61lifQf8m6L._SL1500_.jpg'}, {'thumb': 'https://m.media-amazon.com/images/I/41TdfXaffoL._SS40_.jpg', 'large': 'https://m.media-amazon.com/images/I/41TdfXaffoL.jpg', 'variant': 'PT05', 'hi_res': 'https://m.media-amazon.com/images/I/81CN-jkKXkL._SL1500_.jpg'}, {'thumb': 'https://m.media-amazon.com/images/I/41iCR3VbfGL._SS40_.jpg', 'large': 'https://m.media-amazon.com/images/I/41iCR3VbfGL.jpg', 'variant': 'PT06', 'hi_res': 'https://m.media-amazon.com/images/I/618BTw3FhBL._SL1000_.jpg'}]","[{'title': 'Great album, and quick delivery', 'url': 'https://www.amazon.com/vdp/0a9f2240410b4d51bfdf101528e596f6?ref=dp_vse_rvc_0', 'user_id': 'AEJKOWYNU2IE7FDAKF2ZUVAFYFCQ'}]",Wayv  (Artist)    Format: Audio CD,[],"{'Package Dimensions': '9.53 x 6.46 x 1.22 inches; 1.16 Pounds', 'Manufacturer': 'Wayv', 'Date First Available': 'January 15, 2020', 'Label': 'Wayv'}",B083WSRV3C,
Digital Music,Días de Sol,5.0,1,[],"['“The music on this disc is haunting, dream-like, floating, unsettling yet somewhat calm. This duo works well together, slowly weaving their lines into an unpredictable tapestry. At times they start heading to the outer regions yet always seems to end up in a familiar raft drifting together. "". - Bruce Lee Gallanter, DMG, NYC']",,"[{'thumb': 'https://m.media-amazon.com/images/I/511twjbkVDL._SS40_.jpg', 'large': 'https://m.media-amazon.com/images/I/511twjbkVDL.jpg', 'variant': 'MAIN', 'hi_res': None}]",[],"Angelica Sanchez  (Composer, Artist),     Omar Tamez  (Composer, Artist)    Format: Audio CD",[],"{'Date First Available': 'August 25, 2014'}",B00N0ECFRE,
Digital Music,Funk Volume 2 The Original Masters,4.7,19,[],['Awesome Funk Mix!'],3.3,"[{'thumb': 'https://m.media-amazon.com/images/I/518IAAEsSKS._SS40_.jpg', 'large': 'https://m.media-amazon.com/images/I/518IAAEsSKS.jpg', 'variant': 'MAIN', 'hi_res': 'https://m.media-amazon.com/images/I/91FlzfvUM1S._SL1500_.jpg'}, {'thumb': 'https://m.media-amazon.com/images/I/51KYxrAAj+L._SS40_.jpg', 'large': 'https://m.media-amazon.com/images/I/51KYxrAAj+L.jpg', 'variant': 'PT01', 'hi_res': 'https://m.media-amazon.com/images/I/914vJRPoZnL._SL1500_.jpg'}]",[],"Wild Cherry  (Artist),     Kool and the Gang  (Artist),     Hot Chocolate  (Artist),     Ohio Players  (Artist),     Average White Band  (Artist),     Rick James  (Artist),     Rose Royce  (Artist),     Carl Carlton  (Artist),     James Brown  (Artist),     Parliament  (Artist)    &                   6                  more   Format: Audio CD",[],"{'Is Discontinued By Manufacturer': 'No', 'Package Dimensions': '5.5 x 4.9 x 0.4 inches; 1 Pounds', 'Date First Available': 'February 23, 2005'}",B0007VSAUO,
Digital Music,Beethoven: Symphony No. 7 / Symphony No. 2,4.0,1,[],['Symphony No. 7: 1. Pocco sostenuto=vivace 2. Allegretto 3. Presto-Assai meno presto. 4. Allegor con brio. Symphony No. 2: 5. Adagio molto-Allegro con brio 6. Larghetto 7. Scherzo 8. Allegor molto.'],16.5,"[{'thumb': 'https://m.media-amazon.com/images/I/31wp8s0pYwL._SS40_.jpg', 'large': 'https://m.media-amazon.com/images/I/31wp8s0pYwL.jpg', 'variant': 'MAIN', 'hi_res': None}]",[],"Ludwig Van Beethoven  (Composer),     Herbert Kegel  (Conductor),     Dresden Philharmonic  (Orchestra)    &                   0                  more   Format: Audio CD",[],"{'Package Dimensions': '5 x 5 x 0.3 inches; 6.4 Ounces', 'Manufacturer': 'Capricco', 'Date First Available': 'February 20, 2010', 'Label': 'Capricco', 'Number of discs': '1'}",B0036ZXPBC,
Digital Music,Battle Born (Lib)(CD),4.4,1302,[],[],,"[{'thumb': 'https://m.media-amazon.com/images/I/51YRAY1EXFL._SS40_.jpg', 'large': 'https://m.media-amazon.com/images/I/51YRAY1EXFL.jpg', 'variant': 'MAIN', 'hi_res': None}]",[],Dale Brown   Format: Audio CD,[],"{'Package Dimensions': '6.93 x 6.22 x 1.73 inches; 15.2 Ounces', 'Manufacturer': 'Books On Tape', 'Date First Available': 'July 20, 2009', 'Label': 'Books On Tape'}",1415918228,
Digital Music,Ewig mit Dir mit Florian Silbereisen Duett,4.7,303,[],[],29.6,"[{'thumb': 'https://m.media-amazon.com/images/I/41Bn40ySMyL._SS40_.jpg', 'large': 'https://m.media-amazon.com/images/I/41Bn40ySMyL.jpg', 'variant': 'MAIN', 'hi_res': 'https://m.media-amazon.com/images/I/61WHNoqU7DL._SL1200_.jpg'}, {'thumb': 'https://m.media-amazon.com/images/I/41EGJHkE8uL._SS40_.jpg', 'large': 'https://m.media-amazon.com/images/I/41EGJHkE8uL.jpg', 'variant': 'BACK', 'hi_res': 'https://m.media-amazon.com/images/I/61Jb8OqU0pL._SL1200_.jpg'}, {'thumb': 'https://m.media-amazon.com/images/I/61PIFPz93ML._SS40_.jpg', 'large': 'https://m.media-amazon.com/images/I/61PIFPz93ML.jpg', 'variant': 'PT01', 'hi_res': 'https://m.media-amazon.com/images/I/A1qenJT7bDL._SL1500_.jpg'}]",[],Thomas Anders   Format: Audio CD,[],"{'Product Dimensions': '0.39 x 4.92 x 5.59 inches; 3.39 Ounces', 'Manufacturer': 'WMI', 'Item model number': '970161', 'Date First Available': 'October 22, 2018', 'Label': 'WMI', 'Number of discs': '1'}",B07DKMRM5L,
Digital Music,Afternoon in the Garden by ELVIS PRESLEY (1997-03-25),4.8,190,[],[],11.81,"[{'thumb': 'https://m.media-amazon.com/images/I/515yy1Q07vL._SS40_.jpg', 'large': 'https://m.media-amazon.com/images/I/515yy1Q07vL.jpg', 'variant': 'MAIN', 'hi_res': None}]",[],Elvis Presley   Format: Audio CD,[],"{'Package Dimensions': '5.55 x 4.92 x 0.43 inches; 3.46 Ounces', 'Date First Available': 'August 9, 2017'}",B01KAPLOJ0,
Digital Music,Interludes: Babbling Brook,4.2,12,[],[],13.64,"[{'thumb': 'https://m.media-amazon.com/images/I/61CyVcxaeKL._SS40_.jpg', 'large': 'https://m.media-amazon.com/images/I/61CyVcxaeKL.jpg', 'variant': 'MAIN', 'hi_res': 'https://m.media-amazon.com/images/I/81mIiGP+iqL._SL1416_.jpg'}]",[],"Steven Gruskin  (Composer),     Vinnie Della-Rocca  (Artist)    Format: Audio CD",[],"{'Is Discontinued By Manufacturer': 'No', 'Package Dimensions': '5.5 x 4.9 x 0.4 inches; 1 Pounds', 'Manufacturer': 'Great American Audio', 'Date First Available': 'December 4, 2004', 'Label': 'Great American Audio'}",B0006VCFC4,
Digital Music,Those Fabulous '50s,4.8,6,[],"[""This is a 2 disc set of original songs and their artists during the 1950's era. There is a total of 43 original recordins. Product info has a list of all 43 songs and their artists.""]",49.93,"[{'thumb': 'https://m.media-amazon.com/images/I/61AC8-WfqNL._SS40_.jpg', 'large': 'https://m.media-amazon.com/images/I/61AC8-WfqNL.jpg', 'variant': 'MAIN', 'hi_res': None}, {'thumb': 'https://m.media-amazon.com/images/I/51+VdbKqR8L._SS40_.jpg', 'large': 'https://m.media-amazon.com/images/I/51+VdbKqR8L.jpg', 'variant': 'PT01', 'hi_res': None}, {'thumb': 'https://m.media-amazon.com/images/I/51vqdo9OGUL._SS40_.jpg', 'large': 'https://m.media-amazon.com/images/I/51vqdo9OGUL.jpg', 'variant': 'PT02', 'hi_res': None}]",[],"Jimmie Rodgers, The Fleetwoods,Billy Williams,McGuire Sisters, Jime Lowe, Kitty Kallen, Four Aces, Fatas Domino, Debbie Reynolds and many, many more original artists.  (Author)    Format: Audio CD",[],"{'Package Dimensions': '5.55 x 4.97 x 0.54 inches; 2.83 Ounces', 'Manufacturer': 'Sessions / RCA / BMG', 'Date First Available': 'April 17, 2007', 'Label': 'Sessions / RCA / BMG', 'Number of discs': '2'}",B000PHPS4G,
Digital Music,In a Cottage Garden: The Piano Artistry of Dan Troxell,4.0,5,[],['.'],,"[{'thumb': 'https://m.media-amazon.com/images/I/61xR93GPnSL._SS40_.jpg', 'large': 'https://m.media-amazon.com/images/I/61xR93GPnSL.jpg', 'variant': 'MAIN', 'hi_res': 'https://m.media-amazon.com/images/I/A1EmFDMMkpL._SL1500_.jpg'}, {'thumb': 'https://m.media-amazon.com/images/I/51KMzDps04L._SS40_.jpg', 'large': 'https://m.media-amazon.com/images/I/51KMzDps04L.jpg', 'variant': 'PT01', 'hi_res': 'https://m.media-amazon.com/images/I/A1vcm2tSGYL._SL1500_.jpg'}]",[],Dan Troxell  (Artist)    Format: Audio CD,[],"{'Package Dimensions': '5.55 x 4.97 x 0.54 inches; 2.83 Ounces', 'Date First Available': 'January 18, 2009', 'Number of discs': '1'}",B001PZOCLC,
Digital Music,"Aandhi,Dastak & Mausam",5.0,1,[],[],,"[{'thumb': 'https://m.media-amazon.com/images/I/61Lkn0Ve8IL._SS40_.jpg', 'large': 'https://m.media-amazon.com/images/I/61Lkn0Ve8IL.jpg', 'variant': 'MAIN', 'hi_res': None}, {'thumb': 'https://m.media-amazon.com/images/I/51IR2q2LCVL._SS40_.jpg', 'large': 'https://m.media-amazon.com/images/I/51IR2q2LCVL.jpg', 'variant': 'PT01', 'hi_res': 'https://m.media-amazon.com/images/I/71nqzQnsn0L._SL1079_.jpg'}]",[],Format: Audio CD,[],"{'Package Dimensions': '5.55 x 4.97 x 0.54 inches; 2.83 Ounces', 'Date First Available': 'October 11, 2013'}",B004GSDGV2,
Digital Music,Good Times,4.7,5,[],"[""1. Good Times 2. You'll Come 3. My Life 4. Morning Sun 5. Loving Girl 6. Beggin' 7. This America 8. Nashville Rebel 9. Ball Of Confusion 10. Mississippi Delta 11. I Won't Be Lonely Long 12. Come My Way 13. Get It On (Bonus) 14. The Jury And The Judge (Bonus) 15. I Am Hanging On To Love (Bonus) 16. Body And Soul (Bonus) 17. Angel (Bonus)""]",,"[{'thumb': 'https://m.media-amazon.com/images/I/61deZhMgwOL._SS40_.jpg', 'large': 'https://m.media-amazon.com/images/I/61deZhMgwOL.jpg', 'variant': 'MAIN', 'hi_res': None}]",[],Shocking Blue   Format: Audio CD,[],"{'Manufacturer': 'Recordsmen', 'Date First Available': 'November 22, 2012', 'Label': 'Recordsmen', 'Number of discs': '1'}",B00AB7OF8U,
Digital Music,Best of,4.0,1,[],[],29.98,"[{'thumb': 'https://m.media-amazon.com/images/I/01RmK+J4pJL._SS40_.gif', 'large': 'https://m.media-amazon.com/images/I/01RmK+J4pJL.gif', 'variant': 'MAIN', 'hi_res': None}]",[],Jimi Hendrix   Format: Audio CD,[],"{'Manufacturer': 'MUSICRAMA/KOCH', 'Date First Available': 'December 4, 2011', 'Label': 'MUSICRAMA/KOCH'}",B00005Y7Q7,
Digital Music,Sweet Soul of the '70s,4.6,32,[],[],,"[{'thumb': 'https://m.media-amazon.com/images/I/41SqUIfYkBL._SS40_.jpg', 'large': 'https://m.media-amazon.com/images/I/41SqUIfYkBL.jpg', 'variant': 'MAIN', 'hi_res': None}]",[],Various Artists  (Artist)    Format: Audio CD,[],"{'Package Dimensions': '5.55 x 4.97 x 0.54 inches; 2.83 Ounces', 'Manufacturer': 'Time Life', 'Date First Available': 'September 25, 2009', 'Label': 'Time Life', 'Number of discs': '11'}",B002QGAV78,
Digital Music,"Spirit Of Woodstock Mercedes Benz, Brown Eyed Girl, Catch The Wind, In-A-Gadda-Da-Vida",4.5,12,[],[],9.83,"[{'thumb': 'https://m.media-amazon.com/images/I/61qUnfXjP6L._SS40_.jpg', 'large': 'https://m.media-amazon.com/images/I/61qUnfXjP6L.jpg', 'variant': 'MAIN', 'hi_res': 'https://m.media-amazon.com/images/I/81-K76ihpqL._SL1500_.jpg'}, {'thumb': 'https://m.media-amazon.com/images/I/512goh7k-SL._SS40_.jpg', 'large': 'https://m.media-amazon.com/images/I/512goh7k-SL.jpg', 'variant': 'BACK', 'hi_res': 'https://m.media-amazon.com/images/I/81RNBYaBc7L._SL1500_.jpg'}, {'thumb': 'https://m.media-amazon.com/images/I/61A+HXBbtPL._SS40_.jpg', 'large': 'https://m.media-amazon.com/images/I/61A+HXBbtPL.jpg', 'variant': 'PT01', 'hi_res': 'https://m.media-amazon.com/images/I/910bnpzRSvL._SL1500_.jpg'}]",[],Janis Joplin With Big Brother And The Holding Company;Jefferson Airplane;Iron Butterfly;Santana;Blood Sweat & Tears;Joe Cocker;Fleetwood Mac;James Taylor  (Artist)    Format: Audio CD,[],"{'Package Dimensions': '5.59 x 4.92 x 0.28 inches; 3.17 Ounces', 'Manufacturer': 'Black Line Collection (Power Station Music)', 'Date First Available': 'September 10, 2018', 'Label': 'Black Line Collection (Power Station Music)', 'Number of discs': '2'}",B07FGT8J1B,
Digital Music,At The Arena,3.9,104,[],"['SUPERB 1985 BROADCAST RECORDING FROM THE FIRM With Jimmy Page and Paul Rodgers Formed in 1984 by singer Paul Rodgers, guitarist Jimmy Page, drummer Chris Slade and bass player Tony Franklin, The Firm were among the most successful and popular rock supergroups of all time. As Paul Rodgers remembers; ""Jimmy was at a bit of a loose end. He\'d come round and check out my home studio and we ended up writing songs, but without any definite plans. Jimmy was very keen to get back on the road, so we put a band together The first thing I knew was that he had to be writing songs again. I\'d already seen one of my friends going down that road in Koss, and it wasn\'t going to happen again."" During their tenure, The Firm released two studio albums; their eponymous debut in 1985, and Mean Business in 86. The band played a few dates in the UK at the end of 1984, and toured the US in both 1985 and 1986. One of the finest gigs the Firm performed however was at London s Wembley Arena on 22nd May 1985, when they played a quite astonishing set which was recorded for live FM Radio Broadcast across the UK and the US, and which remains a formidable example of mid-1980s British rock music at its very best. Previously unreleased, this entire recording is now available for the first time on this new 2 CD Set. DISC 1 1. Closer 4:00 2. City Sirens 4:43 3. Make Or Break 5:16 4. The Morning After 5:10 5. Together 4:26 6. Cadillac 5:49 7. Prelude 2:44 8. Money Can\'t Buy 4:53 9. Satisfaction Guaranteed 4:26 10. Radioactive 4:25 11. Live In Peace 6:18 12. Midnight Moonlight 12:07 DISC 2 1. You\'ve Lost That Loving Feeling 5:05 2. Bass Solo 5:05 3. The Chase 4:28 4. Guitar Solo 9:37 5. Drum Solo 6:18 6. I Just Wanna Make Love To You 9:41 7. Someone to Love 7:13 8. Boogie Mama 7:39 9. Everybody Needs Somebody To Love 7:35']",16.91,"[{'thumb': 'https://m.media-amazon.com/images/I/51RF2xP7GUL._SS40_.jpg', 'large': 'https://m.media-amazon.com/images/I/51RF2xP7GUL.jpg', 'variant': 'MAIN', 'hi_res': 'https://m.media-amazon.com/images/I/81Hn3GW+BxL._SL1500_.jpg'}]",[],FIRM  (Artist)    Format: Audio CD,[],"{'Product Dimensions': '4.88 x 5.59 x 0.51 inches; 3.67 Ounces', 'Manufacturer': 'UNICORN', 'Date First Available': 'May 29, 2020', 'Label': 'UNICORN', 'Number of discs': '2'}",B087FL753S,
Digital Music,FENCE,5.0,3,[],[],40.52,"[{'thumb': 'https://m.media-amazon.com/images/I/51VWCD472QL._SS40_.jpg', 'large': 'https://m.media-amazon.com/images/I/51VWCD472QL.jpg', 'variant': 'MAIN', 'hi_res': None}]",[],Tom Cat   Format: Audio CD,[],"{'Package Dimensions': '5.55 x 4.97 x 0.54 inches; 2.83 Ounces', 'Date First Available': 'April 5, 2015', 'Number of discs': '1'}",B00005FQ81,
Digital Music,Cloudberry Jam,4.5,10,[],['CD ALBUM'],11.44,"[{'thumb': 'https://m.media-amazon.com/images/I/51jljZexzNL._SS40_.jpg', 'large': 'https://m.media-amazon.com/images/I/51jljZexzNL.jpg', 'variant': 'MAIN', 'hi_res': 'https://m.media-amazon.com/images/I/91QUGUV3HWL._SL1500_.jpg'}, {'thumb': 'https://m.media-amazon.com/images/I/51sdcErjILL._SS40_.jpg', 'large': 'https://m.media-amazon.com/images/I/51sdcErjILL.jpg', 'variant': 'PT01', 'hi_res': 'https://m.media-amazon.com/images/I/91ZVN3317TL._SL1500_.jpg'}]",[],Cloudberry Jam   Format: Audio CD,[],"{'Is Discontinued By Manufacturer': 'No', 'Package Dimensions': '5.55 x 4.97 x 0.54 inches; 2.83 Ounces', 'Manufacturer': 'COLUMBIA JAPAN', 'Date First Available': 'July 27, 2006', 'Label': 'COLUMBIA JAPAN', 'Number of discs': '1'}",B0000562JU,
Digital Music,A Blessing And A Curse - Exclusive Limited Edition Orange Swirl Colored Vinyl LP (Only 350 Copies Pressed Worldwide),4.8,204,[],"['A Blessing And A Curse - Exclusive Limited Edition Orange Swirl Colored Vinyl LP (Only 350 Copies Pressed Worldwide)', 'Tracklist', ""A1 Feb 14 3:40 A2 Gravity's Gone 3:33 A3 Easy On Yourself 3:28 A4 Aftermath USA 3:16 A5 Goodbye 6:09 A6 Daylight 3:35 B1 Wednesday 4:04 B2 Little Bonnie 3:56 B3 Space City 4:48 B4 A Blessing And A Curse 5:31 B5 A World Of Hurt 4:50  Playing this record is recommended on a high quality player with anti-skate features. Other things you can try to help with skipping if you can’t adjust the anti-skate: Make sure your record player is perfectly flat - use a level tool to check it If you can’t get it flat simply by placement, try putting index cards beneath the feet of the turntable to adjust.""]",94.95,"[{'thumb': 'https://m.media-amazon.com/images/I/51hCR4-rcpL._SS40_.jpg', 'large': 'https://m.media-amazon.com/images/I/51hCR4-rcpL.jpg', 'variant': 'MAIN', 'hi_res': 'https://m.media-amazon.com/images/I/61xtYuZzWZL._SL1142_.jpg'}]",[],Drive-By Truckers,[],"{'Package Dimensions': '12 x 12 x 1 inches; 1 Pounds', 'Manufacturer': 'New West Records.', 'Date First Available': 'September 24, 2020', 'Label': 'New West Records.'}",B08K1M1RCR,
Digital Music,Golden Age of Country: Hillbilly Heaven Time Life,5.0,3,[],[],7.76,"[{'thumb': 'https://m.media-amazon.com/images/I/51GZhGsudlL._SS40_.jpg', 'large': 'https://m.media-amazon.com/images/I/51GZhGsudlL.jpg', 'variant': 'MAIN', 'hi_res': 'https://m.media-amazon.com/images/I/91Vy2DAKvbL._SL1500_.jpg'}, {'thumb': 'https://m.media-amazon.com/images/I/51546R46V2L._SS40_.jpg', 'large': 'https://m.media-amazon.com/images/I/51546R46V2L.jpg', 'variant': 'PT01', 'hi_res': 'https://m.media-amazon.com/images/I/91fNJEiX3LL._SL1500_.jpg'}]",[],Format: Audio CD,[],"{'Package Dimensions': '5.55 x 4.97 x 0.54 inches; 3.33 Ounces', 'Manufacturer': 'TIMW', 'Date First Available': 'January 13, 2012', 'Label': 'TIMW'}",B006X08ECC,
Digital Music,My Life,4.3,1072,[],"['""My Life"" di Bill Clinton, ex presidente degli Stati Uniti, racconta una storia intensamente americana; quella di un uomo che decide di mettersi al servizio del proprio paese e compie l\'improbabile viaggio da un\'oscura cittadina dell\'Arkansas fino alla Casa Bianca. In uno straordinario intreccio di pubblico e privato, di storia e memoria, nell\'incessante rincorrersi di ricordi personali e documenti d\'archivio, queste pagine ci svelano il cuore e la mente dell\'uomo che è stato per un decennio il protagonista assoluto del panorama politico internazionale.']",,"[{'thumb': 'https://m.media-amazon.com/images/I/31KWyyfQp5L._SS40_.jpg', 'large': 'https://m.media-amazon.com/images/I/31KWyyfQp5L.jpg', 'variant': 'MAIN', 'hi_res': None}]",[],Bill Clinton   Format: Audio CD,[],"{'Product Dimensions': '6.3 x 2.56 x 9.45 inches; 3 Pounds', 'Manufacturer': 'Arnoldo Mondadori Editore', 'Date First Available': 'June 24, 2014', 'Label': 'Arnoldo Mondadori Editore', 'Number of discs': '1'}",8804535806,
Digital Music,Sleepers Awake - The Art of Solo Acoustic Guitar: Vol. 2,4.5,3,[],[],,"[{'thumb': 'https://m.media-amazon.com/images/I/51blQwxdEwL._SS40_.jpg', 'large': 'https://m.media-amazon.com/images/I/51blQwxdEwL.jpg', 'variant': 'MAIN', 'hi_res': None}]",[],Format: Audio CD,[],"{'Package Dimensions': '5.55 x 4.97 x 0.54 inches; 2.83 Ounces', 'Date First Available': 'April 18, 2010'}",B003HVQWZ6,
